text,label
An unverified report from an unknown organization claims that researchers have discovered a mysterious invention for solar panel efficiency. Online claim reference 349 was included in the dataset.,FAKE
"Researchers reported that a new approach may improve water conservation methods, although further testing is required. Reference number 265 was included in the dataset.",REAL
Social media users are sharing a claim that an instant solution can instantly eliminate every problem related to digital technology. Online claim reference 214 was included in the dataset.,FAKE
A sensational article claims that a secret experiment has already solved traffic management systems within just a few days. Online claim reference 381 was included in the dataset.,FAKE
Authorities announced plans to evaluate digital technology before introducing the proposed changes nationwide. Reference number 60 was included in the dataset.,REAL
Viral messages claim that a mysterious invention can guarantee success in early disease detection within just a few days. Online claim reference 576 was included in the dataset.,FAKE
A new report examined changes in education and compared results from the previous year after collecting data from several regions. Reference number 596 was included in the dataset.,REAL
An unverified claim circulating online says that authorities have confirmed a miracle technique for economic growth. Online claim reference 508 was included in the dataset.,FAKE
A viral report claims that Japan has discovered a breakthrough supposedly kept from the public that will completely solve economic growth overnight. Online claim reference 200 was included in the dataset.,FAKE
A post making the rounds online claims that scientists are hiding a breakthrough involving cybersecurity. Online claim reference 410 was included in the dataset.,FAKE
A new report examined changes in digital technology and compared results from the previous year based on findings from the study. Reference number 471 was included in the dataset.,REAL
A public report described recent developments in climate change and included data from multiple sources. Reference number 196 was included in the dataset.,REAL
A post making the rounds online claims that scientists are hiding a breakthrough involving renewable energy. Online claim reference 79 was included in the dataset.,FAKE
A viral report claims that Germany has discovered a mysterious invention that will completely solve transportation overnight. Online claim reference 362 was included in the dataset.,FAKE
Officials in Germany introduced new measures to improve cybersecurity after consultations with researchers. Reference number 484 was included in the dataset.,REAL
Researchers published findings about renewable energy adoption in a peer-reviewed journal following an analysis of available evidence. Reference number 384 was included in the dataset.,REAL
A widely shared post claims that a miracle technique can make traffic management systems completely unnecessary within a few days. Online claim reference 100 was included in the dataset.,FAKE
Researchers found a possible connection between renewable energy and changes observed during the study period. Reference number 284 was included in the dataset.,REAL
An unverified claim circulating online says that authorities have confirmed a secret method for water management. Online claim reference 572 was included in the dataset.,FAKE
An unverified report from an anonymous source claims that researchers have discovered a previously unknown treatment for traffic management systems. Online claim reference 285 was included in the dataset.,FAKE
A post making the rounds online claims that scientists are hiding a breakthrough involving climate change. Online claim reference 296 was included in the dataset.,FAKE
Officials in Australia published new measures to improve economic growth after consultations with researchers. Reference number 194 was included in the dataset.,REAL
Officials in Singapore reported new measures to improve cybersecurity after reviewing recent data. Reference number 546 was included in the dataset.,REAL
A sensational article claims that a secret experiment has already solved cybersecurity risks with guaranteed results for everyone. Online claim reference 484 was included in the dataset.,FAKE
"Researchers reported that a new approach may improve battery storage efficiency, although further testing is required. Reference number 163 was included in the dataset.",REAL
Authorities announced plans to evaluate agriculture before introducing the proposed changes nationwide. Reference number 133 was included in the dataset.,REAL
The NASA released updated information about agriculture based on published research. Reference number 189 was included in the dataset.,REAL
Online posts claim that scientists have hidden evidence showing that public health can be solved immediately using a miracle technique. Online claim reference 51 was included in the dataset.,FAKE
A viral report claims that Canada has discovered an instant solution that will completely solve water management overnight. Online claim reference 343 was included in the dataset.,FAKE
"Researchers reported that a new approach may improve cybersecurity risks, although further testing is required. Reference number 273 was included in the dataset.",REAL
Authorities announced plans to evaluate climate change before introducing the proposed changes nationwide. Reference number 234 was included in the dataset.,REAL
An unverified report from an internet user claims that researchers have discovered a mysterious invention for early disease detection. Online claim reference 527 was included in the dataset.,FAKE
Online posts claim that scientists have hidden evidence showing that education can be solved immediately using an instant solution. Online claim reference 244 was included in the dataset.,FAKE
Researchers found a possible connection between cybersecurity and changes observed during the study period. Reference number 598 was included in the dataset.,REAL
Researchers published findings about water conservation methods in a peer-reviewed journal after reviewing recent data. Reference number 107 was included in the dataset.,REAL
A widely shared post claims that a mysterious invention can make solar panel efficiency completely unnecessary within a few days. Online claim reference 149 was included in the dataset.,FAKE
A new report examined changes in transportation and compared results from the previous year based on findings from the study. Reference number 560 was included in the dataset.,REAL
Social media users are sharing a claim that a hidden technology can instantly eliminate every problem related to cybersecurity. Online claim reference 442 was included in the dataset.,FAKE
The the National Statistics Office released updated information about climate change based on published research. Reference number 432 was included in the dataset.,REAL
A public report described recent developments in climate change and included data from multiple sources. Reference number 437 was included in the dataset.,REAL
A public report described recent developments in digital technology and included data from multiple sources. Reference number 208 was included in the dataset.,REAL
An unverified claim circulating online says that authorities have confirmed a secret method for transportation. Online claim reference 564 was included in the dataset.,FAKE
A sensational article claims that a secret experiment has already solved early disease detection despite no independent confirmation. Online claim reference 245 was included in the dataset.,FAKE
Social media users are sharing a claim that a hidden technology can instantly eliminate every problem related to water management. Online claim reference 530 was included in the dataset.,FAKE
A viral report claims that the United Kingdom has discovered a breakthrough supposedly kept from the public that will completely solve climate change overnight. Online claim reference 246 was included in the dataset.,FAKE
Researchers published findings about renewable energy adoption in a peer-reviewed journal according to recently published information. Reference number 498 was included in the dataset.,REAL
A study involving several research institutions examined early disease detection and identified areas for further research. Reference number 478 was included in the dataset.,REAL
A study involving several research institutions examined crop resilience during drought and identified areas for further research. Reference number 597 was included in the dataset.,REAL
BREAKING: an unnamed researcher claims that officials secretly tested a revolutionary discovery that can permanently eliminate renewable energy. Online claim reference 156 was included in the dataset.,FAKE
Online posts claim that scientists have hidden evidence showing that digital technology can be solved immediately using a breakthrough supposedly kept from the public. Online claim reference 23 was included in the dataset.,FAKE
the Election Commission published a new initiative related to digital technology as part of a broader review. Reference number 535 was included in the dataset.,REAL
Researchers published findings about cybersecurity risks in a peer-reviewed journal as part of a broader review. Reference number 459 was included in the dataset.,REAL
A viral report claims that the United States has discovered a miracle technique that will completely solve public health overnight. Online claim reference 206 was included in the dataset.,FAKE
A study involving several research institutions examined early disease detection and identified areas for further research. Reference number 580 was included in the dataset.,REAL
Viral messages claim that an instant solution can guarantee success in cybersecurity risks with no further testing required. Online claim reference 84 was included in the dataset.,FAKE
A sensational article claims that a secret experiment has already solved solar panel efficiency despite no independent confirmation. Online claim reference 212 was included in the dataset.,FAKE
The the Election Commission released updated information about transportation based on a quarterly report. Reference number 111 was included in the dataset.,REAL
Social media users are sharing a claim that a previously unknown treatment can instantly eliminate every problem related to cybersecurity. Online claim reference 439 was included in the dataset.,FAKE
A study involving several research institutions examined crop resilience during drought and identified areas for further research. Reference number 424 was included in the dataset.,REAL
Authorities announced plans to evaluate cybersecurity before introducing the proposed changes nationwide. Reference number 270 was included in the dataset.,REAL
A widely shared post claims that an instant solution can make air quality in urban areas completely unnecessary within a few days. Online claim reference 250 was included in the dataset.,FAKE
"Researchers reported that a new approach may improve renewable energy adoption, although further testing is required. Reference number 585 was included in the dataset.",REAL
Researchers found a possible connection between economic growth and changes observed during the study period. Reference number 91 was included in the dataset.,REAL
Officials in Singapore announced new measures to improve public health according to recently published information. Reference number 214 was included in the dataset.,REAL
A widely shared post claims that a secret method can make crop resilience during drought completely unnecessary within a few days. Online claim reference 36 was included in the dataset.,FAKE
Online posts claim that scientists have hidden evidence showing that public health can be solved immediately using a hidden technology. Online claim reference 231 was included in the dataset.,FAKE
Researchers published findings about battery storage efficiency in a peer-reviewed journal after consultations with researchers. Reference number 161 was included in the dataset.,REAL
An unverified report from an unnamed researcher claims that researchers have discovered a miracle technique for renewable energy adoption. Online claim reference 356 was included in the dataset.,FAKE
Online posts claim that scientists have hidden evidence showing that transportation can be solved immediately using a mysterious invention. Online claim reference 26 was included in the dataset.,FAKE
Viral messages claim that a secret method can guarantee success in water conservation methods almost immediately. Online claim reference 146 was included in the dataset.,FAKE
An unverified claim circulating online says that authorities have confirmed a hidden technology for water management. Online claim reference 233 was included in the dataset.,FAKE
Viral messages claim that a miracle technique can guarantee success in solar panel efficiency with no further testing required. Online claim reference 386 was included in the dataset.,FAKE
Authorities announced plans to evaluate cybersecurity before introducing the proposed changes nationwide. Reference number 359 was included in the dataset.,REAL
Researchers published findings about early disease detection in a peer-reviewed journal after reviewing recent data. Reference number 431 was included in the dataset.,REAL
A widely shared post claims that a miracle technique can make crop resilience during drought completely unnecessary within a few days. Online claim reference 183 was included in the dataset.,FAKE
BREAKING: an unnamed researcher claims that officials secretly tested an instant solution that can permanently eliminate economic growth. Online claim reference 150 was included in the dataset.,FAKE
Researchers published findings about renewable energy adoption in a peer-reviewed journal based on findings from the study. Reference number 482 was included in the dataset.,REAL
A widely shared post claims that a breakthrough supposedly kept from the public can make battery storage efficiency completely unnecessary within a few days. Online claim reference 210 was included in the dataset.,FAKE
A post making the rounds online claims that scientists are hiding a breakthrough involving economic growth. Online claim reference 123 was included in the dataset.,FAKE
Researchers found a possible connection between water management and changes observed during the study period. Reference number 13 was included in the dataset.,REAL
A viral report claims that Australia has discovered a secret method that will completely solve digital technology overnight. Online claim reference 179 was included in the dataset.,FAKE
Authorities announced plans to evaluate education before introducing the proposed changes nationwide. Reference number 143 was included in the dataset.,REAL
A viral report claims that Singapore has discovered a hidden technology that will completely solve cybersecurity overnight. Online claim reference 78 was included in the dataset.,FAKE
Authorities announced plans to evaluate climate change before introducing the proposed changes nationwide. Reference number 442 was included in the dataset.,REAL
A widely shared post claims that a secret method can make battery storage efficiency completely unnecessary within a few days. Online claim reference 506 was included in the dataset.,FAKE
A widely shared post claims that a mysterious invention can make battery storage efficiency completely unnecessary within a few days. Online claim reference 399 was included in the dataset.,FAKE
A new report examined changes in water management and compared results from the previous year after consultations with researchers. Reference number 9 was included in the dataset.,REAL
Authorities announced plans to evaluate digital technology before introducing the proposed changes nationwide. Reference number 218 was included in the dataset.,REAL
Officials in Singapore announced new measures to improve climate change after reviewing recent data. Reference number 311 was included in the dataset.,REAL
Researchers found a possible connection between education and changes observed during the study period. Reference number 600 was included in the dataset.,REAL
BREAKING: an anonymous source claims that officials secretly tested a miracle technique that can permanently eliminate renewable energy. Online claim reference 573 was included in the dataset.,FAKE
A widely shared post claims that a breakthrough supposedly kept from the public can make crop resilience during drought completely unnecessary within a few days. Online claim reference 501 was included in the dataset.,FAKE
Viral messages claim that a previously unknown treatment can guarantee success in crop resilience during drought despite no independent confirmation. Online claim reference 32 was included in the dataset.,FAKE
A new report examined changes in transportation and compared results from the previous year following a detailed assessment. Reference number 244 was included in the dataset.,REAL
"Researchers reported that a new approach may improve battery storage efficiency, although further testing is required. Reference number 139 was included in the dataset.",REAL
A public report described recent developments in transportation and included data from multiple sources. Reference number 37 was included in the dataset.,REAL
A widely shared post claims that a miracle technique can make solar panel efficiency completely unnecessary within a few days. Online claim reference 337 was included in the dataset.,FAKE
Viral messages claim that a hidden technology can guarantee success in air quality in urban areas within just a few days. Online claim reference 108 was included in the dataset.,FAKE
BREAKING: an unverified website claims that officials secretly tested a miracle technique that can permanently eliminate renewable energy. Online claim reference 358 was included in the dataset.,FAKE
A study involving several research institutions examined online learning outcomes and identified areas for further research. Reference number 63 was included in the dataset.,REAL
Viral messages claim that a hidden technology can guarantee success in solar panel efficiency without any supporting evidence being published. Online claim reference 30 was included in the dataset.,FAKE
Researchers found a possible connection between climate change and changes observed during the study period. Reference number 295 was included in the dataset.,REAL
Online posts claim that scientists have hidden evidence showing that digital technology can be solved immediately using a previously unknown treatment. Online claim reference 540 was included in the dataset.,FAKE
Researchers published findings about solar panel efficiency in a peer-reviewed journal based on findings from the study. Reference number 106 was included in the dataset.,REAL
A sensational article claims that a secret experiment has already solved renewable energy adoption without any supporting evidence being published. Online claim reference 443 was included in the dataset.,FAKE
Online posts claim that scientists have hidden evidence showing that climate change can be solved immediately using a secret method. Online claim reference 147 was included in the dataset.,FAKE
Authorities announced plans to evaluate economic growth before introducing the proposed changes nationwide. Reference number 155 was included in the dataset.,REAL
BREAKING: an anonymous source claims that officials secretly tested a breakthrough supposedly kept from the public that can permanently eliminate transportation. Online claim reference 241 was included in the dataset.,FAKE
A viral report claims that Australia has discovered a miracle technique that will completely solve climate change overnight. Online claim reference 56 was included in the dataset.,FAKE
the Election Commission released a new initiative related to climate change according to recently published information. Reference number 470 was included in the dataset.,REAL
Viral messages claim that a breakthrough supposedly kept from the public can guarantee success in traffic management systems without any known side effects. Online claim reference 201 was included in the dataset.,FAKE
A new report examined changes in education and compared results from the previous year after reviewing recent data. Reference number 415 was included in the dataset.,REAL
the Health Department evaluated a new initiative related to economic growth following a detailed assessment. Reference number 419 was included in the dataset.,REAL
Authorities announced plans to evaluate public health before introducing the proposed changes nationwide. Reference number 517 was included in the dataset.,REAL
A public report described recent developments in water management and included data from multiple sources. Reference number 508 was included in the dataset.,REAL
A viral report claims that Germany has discovered a revolutionary discovery that will completely solve water management overnight. Online claim reference 94 was included in the dataset.,FAKE
BREAKING: an unknown organization claims that officials secretly tested a hidden technology that can permanently eliminate education. Online claim reference 28 was included in the dataset.,FAKE
A post making the rounds online claims that scientists are hiding a breakthrough involving public health. Online claim reference 208 was included in the dataset.,FAKE
Authorities announced plans to evaluate water management before introducing the proposed changes nationwide. Reference number 336 was included in the dataset.,REAL
A new report examined changes in agriculture and compared results from the previous year after reviewing recent data. Reference number 483 was included in the dataset.,REAL
A public report described recent developments in education and included data from multiple sources. Reference number 104 was included in the dataset.,REAL
A public report described recent developments in renewable energy and included data from multiple sources. Reference number 81 was included in the dataset.,REAL
Researchers found a possible connection between transportation and changes observed during the study period. Reference number 227 was included in the dataset.,REAL
A widely shared post claims that a miracle technique can make air quality in urban areas completely unnecessary within a few days. Online claim reference 306 was included in the dataset.,FAKE
A public report described recent developments in cybersecurity and included data from multiple sources. Reference number 559 was included in the dataset.,REAL
"Researchers reported that a new approach may improve air quality in urban areas, although further testing is required. Reference number 42 was included in the dataset.",REAL
Researchers published findings about cybersecurity risks in a peer-reviewed journal after collecting data from several regions. Reference number 29 was included in the dataset.,REAL
BREAKING: a viral social media post claims that officials secretly tested an instant solution that can permanently eliminate digital technology. Online claim reference 226 was included in the dataset.,FAKE
Online posts claim that scientists have hidden evidence showing that cybersecurity can be solved immediately using a secret method. Online claim reference 3 was included in the dataset.,FAKE
A public report described recent developments in transportation and included data from multiple sources. Reference number 134 was included in the dataset.,REAL
The the Election Commission released updated information about agriculture based on an independent analysis. Reference number 260 was included in the dataset.,REAL
A study involving several research institutions examined battery storage efficiency and identified areas for further research. Reference number 28 was included in the dataset.,REAL
A sensational article claims that a secret experiment has already solved solar panel efficiency within just a few days. Online claim reference 534 was included in the dataset.,FAKE
A viral report claims that Canada has discovered a miracle technique that will completely solve cybersecurity overnight. Online claim reference 491 was included in the dataset.,FAKE
A widely shared post claims that a mysterious invention can make air quality in urban areas completely unnecessary within a few days. Online claim reference 378 was included in the dataset.,FAKE
A new report examined changes in digital technology and compared results from the previous year after consultations with researchers. Reference number 253 was included in the dataset.,REAL
Researchers published findings about traffic management systems in a peer-reviewed journal following a detailed assessment. Reference number 279 was included in the dataset.,REAL
An unverified claim circulating online says that authorities have confirmed a breakthrough supposedly kept from the public for digital technology. Online claim reference 50 was included in the dataset.,FAKE
Viral messages claim that a hidden technology can guarantee success in cybersecurity risks without any supporting evidence being published. Online claim reference 332 was included in the dataset.,FAKE
A post making the rounds online claims that scientists are hiding a breakthrough involving education. Online claim reference 25 was included in the dataset.,FAKE
A study involving several research institutions examined online learning outcomes and identified areas for further research. Reference number 148 was included in the dataset.,REAL
A new report examined changes in cybersecurity and compared results from the previous year based on findings from the study. Reference number 171 was included in the dataset.,REAL
BREAKING: an internet user claims that officials secretly tested a hidden technology that can permanently eliminate digital technology. Online claim reference 205 was included in the dataset.,FAKE
Social media users are sharing a claim that a hidden technology can instantly eliminate every problem related to climate change. Online claim reference 232 was included in the dataset.,FAKE
Researchers published findings about traffic management systems in a peer-reviewed journal following a detailed assessment. Reference number 329 was included in the dataset.,REAL
A sensational article claims that a secret experiment has already solved battery storage efficiency within just a few days. Online claim reference 366 was included in the dataset.,FAKE
Viral messages claim that a revolutionary discovery can guarantee success in online learning outcomes without any supporting evidence being published. Online claim reference 35 was included in the dataset.,FAKE
The the Transport Department released updated information about agriculture based on published research. Reference number 84 was included in the dataset.,REAL
Online posts claim that scientists have hidden evidence showing that climate change can be solved immediately using a hidden technology. Online claim reference 126 was included in the dataset.,FAKE
An unverified claim circulating online says that authorities have confirmed a secret method for digital technology. Online claim reference 389 was included in the dataset.,FAKE
NASA published a new initiative related to water management following an analysis of available evidence. Reference number 245 was included in the dataset.,REAL
"Researchers reported that a new approach may improve online learning outcomes, although further testing is required. Reference number 464 was included in the dataset.",REAL
A public report described recent developments in renewable energy and included data from multiple sources. Reference number 296 was included in the dataset.,REAL
A viral report claims that Singapore has discovered a secret method that will completely solve water management overnight. Online claim reference 193 was included in the dataset.,FAKE
Viral messages claim that a breakthrough supposedly kept from the public can guarantee success in solar panel efficiency without the need for expert approval. Online claim reference 119 was included in the dataset.,FAKE
An unverified report from an internet user claims that researchers have discovered a breakthrough supposedly kept from the public for crop resilience during drought. Online claim reference 546 was included in the dataset.,FAKE
The the World Bank released updated information about renewable energy based on a university study. Reference number 557 was included in the dataset.,REAL
A sensational article claims that a secret experiment has already solved cybersecurity risks despite no independent confirmation. Online claim reference 181 was included in the dataset.,FAKE
Viral messages claim that an instant solution can guarantee success in traffic management systems despite no independent confirmation. Online claim reference 318 was included in the dataset.,FAKE
Viral messages claim that an instant solution can guarantee success in online learning outcomes almost immediately. Online claim reference 59 was included in the dataset.,FAKE
A sensational article claims that a secret experiment has already solved water conservation methods almost immediately. Online claim reference 520 was included in the dataset.,FAKE
A sensational article claims that a secret experiment has already solved air quality in urban areas without any known side effects. Online claim reference 287 was included in the dataset.,FAKE
A widely shared post claims that a secret method can make online learning outcomes completely unnecessary within a few days. Online claim reference 354 was included in the dataset.,FAKE
A new report examined changes in climate change and compared results from the previous year after reviewing recent data. Reference number 379 was included in the dataset.,REAL
Researchers found a possible connection between digital technology and changes observed during the study period. Reference number 210 was included in the dataset.,REAL
the National Statistics Office announced a new initiative related to education after collecting data from several regions. Reference number 493 was included in the dataset.,REAL
Officials in the United States introduced new measures to improve cybersecurity after reviewing recent data. Reference number 444 was included in the dataset.,REAL
A viral report claims that Singapore has discovered a hidden technology that will completely solve cybersecurity overnight. Online claim reference 398 was included in the dataset.,FAKE
A new report examined changes in renewable energy and compared results from the previous year following an analysis of available evidence. Reference number 268 was included in the dataset.,REAL
An unverified claim circulating online says that authorities have confirmed a miracle technique for education. Online claim reference 121 was included in the dataset.,FAKE
The the United Nations released updated information about cybersecurity based on an independent analysis. Reference number 76 was included in the dataset.,REAL
An unverified claim circulating online says that authorities have confirmed a breakthrough supposedly kept from the public for agriculture. Online claim reference 415 was included in the dataset.,FAKE
Viral messages claim that a hidden technology can guarantee success in online learning outcomes almost immediately. Online claim reference 385 was included in the dataset.,FAKE
Online posts claim that scientists have hidden evidence showing that renewable energy can be solved immediately using a previously unknown treatment. Online claim reference 486 was included in the dataset.,FAKE
A new report examined changes in water management and compared results from the previous year following an analysis of available evidence. Reference number 343 was included in the dataset.,REAL
A study involving several research institutions examined water conservation methods and identified areas for further research. Reference number 233 was included in the dataset.,REAL
"Researchers reported that a new approach may improve online learning outcomes, although further testing is required. Reference number 117 was included in the dataset.",REAL
Social media users are sharing a claim that an instant solution can instantly eliminate every problem related to transportation. Online claim reference 495 was included in the dataset.,FAKE
A viral report claims that India has discovered a revolutionary discovery that will completely solve renewable energy overnight. Online claim reference 522 was included in the dataset.,FAKE
A sensational article claims that a secret experiment has already solved online learning outcomes with guaranteed results for everyone. Online claim reference 110 was included in the dataset.,FAKE
Viral messages claim that a previously unknown treatment can guarantee success in cybersecurity risks without the need for expert approval. Online claim reference 203 was included in the dataset.,FAKE
An unverified report from a viral social media post claims that researchers have discovered a miracle technique for renewable energy adoption. Online claim reference 311 was included in the dataset.,FAKE
An unverified claim circulating online says that authorities have confirmed a secret method for climate change. Online claim reference 411 was included in the dataset.,FAKE
A viral report claims that the United States has discovered a previously unknown treatment that will completely solve agriculture overnight. Online claim reference 99 was included in the dataset.,FAKE
BREAKING: an unverified website claims that officials secretly tested a revolutionary discovery that can permanently eliminate cybersecurity. Online claim reference 451 was included in the dataset.,FAKE
A viral report claims that Australia has discovered a secret method that will completely solve climate change overnight. Online claim reference 474 was included in the dataset.,FAKE
A sensational article claims that a secret experiment has already solved battery storage efficiency without any supporting evidence being published. Online claim reference 563 was included in the dataset.,FAKE
A study involving several research institutions examined online learning outcomes and identified areas for further research. Reference number 70 was included in the dataset.,REAL
The the Ministry of Education released updated information about renewable energy based on an independent analysis. Reference number 583 was included in the dataset.,REAL
Researchers found a possible connection between renewable energy and changes observed during the study period. Reference number 320 was included in the dataset.,REAL
A sensational article claims that a secret experiment has already solved crop resilience during drought without the need for expert approval. Online claim reference 259 was included in the dataset.,FAKE
the National Statistics Office reviewed a new initiative related to digital technology according to recently published information. Reference number 553 was included in the dataset.,REAL
Officials in India announced new measures to improve water management based on findings from the study. Reference number 259 was included in the dataset.,REAL
A study involving several research institutions examined water conservation methods and identified areas for further research. Reference number 571 was included in the dataset.,REAL
Social media users are sharing a claim that a mysterious invention can instantly eliminate every problem related to cybersecurity. Online claim reference 372 was included in the dataset.,FAKE
A post making the rounds online claims that scientists are hiding a breakthrough involving water management. Online claim reference 510 was included in the dataset.,FAKE
A sensational article claims that a secret experiment has already solved solar panel efficiency with guaranteed results for everyone. Online claim reference 40 was included in the dataset.,FAKE
Researchers published findings about air quality in urban areas in a peer-reviewed journal following an analysis of available evidence. Reference number 327 was included in the dataset.,REAL
Online posts claim that scientists have hidden evidence showing that transportation can be solved immediately using a miracle technique. Online claim reference 286 was included in the dataset.,FAKE
Officials in Australia released new measures to improve renewable energy based on findings from the study. Reference number 309 was included in the dataset.,REAL
A post making the rounds online claims that scientists are hiding a breakthrough involving economic growth. Online claim reference 196 was included in the dataset.,FAKE
"Researchers reported that a new approach may improve renewable energy adoption, although further testing is required. Reference number 297 was included in the dataset.",REAL
A study involving several research institutions examined solar panel efficiency and identified areas for further research. Reference number 344 was included in the dataset.,REAL
Viral messages claim that a mysterious invention can guarantee success in cybersecurity risks without any known side effects. Online claim reference 125 was included in the dataset.,FAKE
A study involving several research institutions examined traffic management systems and identified areas for further research. Reference number 49 was included in the dataset.,REAL
A study involving several research institutions examined battery storage efficiency and identified areas for further research. Reference number 178 was included in the dataset.,REAL
The the Health Department released updated information about climate change based on official data. Reference number 204 was included in the dataset.,REAL
Researchers found a possible connection between digital technology and changes observed during the study period. Reference number 16 was included in the dataset.,REAL
A post making the rounds online claims that scientists are hiding a breakthrough involving public health. Online claim reference 131 was included in the dataset.,FAKE
Officials in India announced new measures to improve climate change according to recently published information. Reference number 466 was included in the dataset.,REAL
The the United Nations released updated information about digital technology based on a government report. Reference number 554 was included in the dataset.,REAL
A new report examined changes in cybersecurity and compared results from the previous year after consultations with researchers. Reference number 34 was included in the dataset.,REAL
A post making the rounds online claims that scientists are hiding a breakthrough involving digital technology. Online claim reference 435 was included in the dataset.,FAKE
An unverified claim circulating online says that authorities have confirmed a breakthrough supposedly kept from the public for cybersecurity. Online claim reference 582 was included in the dataset.,FAKE
A new report examined changes in renewable energy and compared results from the previous year after consultations with researchers. Reference number 428 was included in the dataset.,REAL
Researchers published findings about air quality in urban areas in a peer-reviewed journal after collecting data from several regions. Reference number 356 was included in the dataset.,REAL
A widely shared post claims that a revolutionary discovery can make cybersecurity risks completely unnecessary within a few days. Online claim reference 104 was included in the dataset.,FAKE
A new report examined changes in agriculture and compared results from the previous year as part of a broader review. Reference number 403 was included in the dataset.,REAL
An unverified claim circulating online says that authorities have confirmed a hidden technology for renewable energy. Online claim reference 45 was included in the dataset.,FAKE
A post making the rounds online claims that scientists are hiding a breakthrough involving water management. Online claim reference 253 was included in the dataset.,FAKE
Viral messages claim that a miracle technique can guarantee success in crop resilience during drought without the need for expert approval. Online claim reference 571 was included in the dataset.,FAKE
Authorities announced plans to evaluate public health before introducing the proposed changes nationwide. Reference number 124 was included in the dataset.,REAL
Researchers found a possible connection between digital technology and changes observed during the study period. Reference number 18 was included in the dataset.,REAL
The the Reserve Bank released updated information about economic growth based on a university study. Reference number 477 was included in the dataset.,REAL
Researchers found a possible connection between renewable energy and changes observed during the study period. Reference number 31 was included in the dataset.,REAL
The the Election Commission released updated information about cybersecurity based on a university study. Reference number 411 was included in the dataset.,REAL
Researchers found a possible connection between education and changes observed during the study period. Reference number 162 was included in the dataset.,REAL
Social media users are sharing a claim that a breakthrough supposedly kept from the public can instantly eliminate every problem related to digital technology. Online claim reference 360 was included in the dataset.,FAKE
An unverified report from a widely shared online claim claims that researchers have discovered a miracle technique for early disease detection. Online claim reference 65 was included in the dataset.,FAKE
Authorities announced plans to evaluate education before introducing the proposed changes nationwide. Reference number 89 was included in the dataset.,REAL
"Researchers reported that a new approach may improve crop resilience during drought, although further testing is required. Reference number 286 was included in the dataset.",REAL
Viral messages claim that a secret method can guarantee success in water conservation methods without any supporting evidence being published. Online claim reference 328 was included in the dataset.,FAKE
A public report described recent developments in education and included data from multiple sources. Reference number 555 was included in the dataset.,REAL
Online posts claim that scientists have hidden evidence showing that economic growth can be solved immediately using a miracle technique. Online claim reference 265 was included in the dataset.,FAKE
A new report examined changes in education and compared results from the previous year following a detailed assessment. Reference number 418 was included in the dataset.,REAL
Researchers found a possible connection between renewable energy and changes observed during the study period. Reference number 339 was included in the dataset.,REAL
Online posts claim that scientists have hidden evidence showing that cybersecurity can be solved immediately using an instant solution. Online claim reference 503 was included in the dataset.,FAKE
Authorities announced plans to evaluate climate change before introducing the proposed changes nationwide. Reference number 463 was included in the dataset.,REAL
Officials in Singapore released new measures to improve water management after collecting data from several regions. Reference number 579 was included in the dataset.,REAL
Viral messages claim that a revolutionary discovery can guarantee success in cybersecurity risks with guaranteed results for everyone. Online claim reference 41 was included in the dataset.,FAKE
Social media users are sharing a claim that a secret method can instantly eliminate every problem related to economic growth. Online claim reference 29 was included in the dataset.,FAKE
Authorities announced plans to evaluate digital technology before introducing the proposed changes nationwide. Reference number 33 was included in the dataset.,REAL
An unverified claim circulating online says that authorities have confirmed a hidden technology for transportation. Online claim reference 157 was included in the dataset.,FAKE
The the Health Department released updated information about cybersecurity based on a government report. Reference number 40 was included in the dataset.,REAL
Authorities announced plans to evaluate public health before introducing the proposed changes nationwide. Reference number 272 was included in the dataset.,REAL
Viral messages claim that a hidden technology can guarantee success in water conservation methods without any supporting evidence being published. Online claim reference 480 was included in the dataset.,FAKE
A widely shared post claims that a mysterious invention can make air quality in urban areas completely unnecessary within a few days. Online claim reference 377 was included in the dataset.,FAKE
The the World Bank released updated information about economic growth based on a university study. Reference number 353 was included in the dataset.,REAL
Researchers found a possible connection between public health and changes observed during the study period. Reference number 315 was included in the dataset.,REAL
the World Bank published a new initiative related to education after collecting data from several regions. Reference number 443 was included in the dataset.,REAL
Researchers published findings about early disease detection in a peer-reviewed journal according to recently published information. Reference number 78 was included in the dataset.,REAL
Viral messages claim that an instant solution can guarantee success in water conservation methods despite no independent confirmation. Online claim reference 452 was included in the dataset.,FAKE
Authorities announced plans to evaluate cybersecurity before introducing the proposed changes nationwide. Reference number 159 was included in the dataset.,REAL
Officials in India reviewed new measures to improve renewable energy as part of a broader review. Reference number 529 was included in the dataset.,REAL
the Election Commission reported a new initiative related to education based on findings from the study. Reference number 287 was included in the dataset.,REAL
Authorities announced plans to evaluate education before introducing the proposed changes nationwide. Reference number 39 was included in the dataset.,REAL
The NASA released updated information about renewable energy based on published research. Reference number 51 was included in the dataset.,REAL
Online posts claim that scientists have hidden evidence showing that public health can be solved immediately using a miracle technique. Online claim reference 365 was included in the dataset.,FAKE
Social media users are sharing a claim that a hidden technology can instantly eliminate every problem related to water management. Online claim reference 596 was included in the dataset.,FAKE
A post making the rounds online claims that scientists are hiding a breakthrough involving water management. Online claim reference 178 was included in the dataset.,FAKE
Researchers found a possible connection between renewable energy and changes observed during the study period. Reference number 22 was included in the dataset.,REAL
Researchers found a possible connection between water management and changes observed during the study period. Reference number 474 was included in the dataset.,REAL
Researchers published findings about renewable energy adoption in a peer-reviewed journal after reviewing recent data. Reference number 563 was included in the dataset.,REAL
An unverified report from an internet user claims that researchers have discovered a previously unknown treatment for water conservation methods. Online claim reference 73 was included in the dataset.,FAKE
Authorities announced plans to evaluate digital technology before introducing the proposed changes nationwide. Reference number 45 was included in the dataset.,REAL
the Election Commission reviewed a new initiative related to renewable energy based on findings from the study. Reference number 197 was included in the dataset.,REAL
Officials in Singapore reviewed new measures to improve public health according to recently published information. Reference number 594 was included in the dataset.,REAL
A new report examined changes in water management and compared results from the previous year following a detailed assessment. Reference number 142 was included in the dataset.,REAL
Online posts claim that scientists have hidden evidence showing that public health can be solved immediately using a hidden technology. Online claim reference 529 was included in the dataset.,FAKE
The the Health Department released updated information about cybersecurity based on published research. Reference number 191 was included in the dataset.,REAL
A public report described recent developments in transportation and included data from multiple sources. Reference number 577 was included in the dataset.,REAL
Social media users are sharing a claim that a secret method can instantly eliminate every problem related to climate change. Online claim reference 175 was included in the dataset.,FAKE
An unverified claim circulating online says that authorities have confirmed a hidden technology for public health. Online claim reference 441 was included in the dataset.,FAKE
A post making the rounds online claims that scientists are hiding a breakthrough involving public health. Online claim reference 383 was included in the dataset.,FAKE
A sensational article claims that a secret experiment has already solved water conservation methods within just a few days. Online claim reference 449 was included in the dataset.,FAKE
A public report described recent developments in economic growth and included data from multiple sources. Reference number 581 was included in the dataset.,REAL
BREAKING: an unverified website claims that officials secretly tested a breakthrough supposedly kept from the public that can permanently eliminate water management. Online claim reference 427 was included in the dataset.,FAKE
A viral report claims that Australia has discovered a hidden technology that will completely solve transportation overnight. Online claim reference 431 was included in the dataset.,FAKE
Researchers found a possible connection between renewable energy and changes observed during the study period. Reference number 172 was included in the dataset.,REAL
Viral messages claim that a breakthrough supposedly kept from the public can guarantee success in cybersecurity risks without any supporting evidence being published. Online claim reference 169 was included in the dataset.,FAKE
A sensational article claims that a secret experiment has already solved renewable energy adoption despite no independent confirmation. Online claim reference 422 was included in the dataset.,FAKE
A widely shared post claims that an instant solution can make crop resilience during drought completely unnecessary within a few days. Online claim reference 52 was included in the dataset.,FAKE
"Researchers reported that a new approach may improve solar panel efficiency, although further testing is required. Reference number 95 was included in the dataset.",REAL
A study involving several research institutions examined crop resilience during drought and identified areas for further research. Reference number 447 was included in the dataset.,REAL
A viral report claims that Japan has discovered a secret method that will completely solve economic growth overnight. Online claim reference 368 was included in the dataset.,FAKE
A new report examined changes in economic growth and compared results from the previous year after collecting data from several regions. Reference number 300 was included in the dataset.,REAL
Authorities announced plans to evaluate economic growth before introducing the proposed changes nationwide. Reference number 242 was included in the dataset.,REAL
A study involving several research institutions examined online learning outcomes and identified areas for further research. Reference number 574 was included in the dataset.,REAL
A sensational article claims that a secret experiment has already solved renewable energy adoption with no further testing required. Online claim reference 423 was included in the dataset.,FAKE
A widely shared post claims that a secret method can make water conservation methods completely unnecessary within a few days. Online claim reference 421 was included in the dataset.,FAKE
A new report examined changes in agriculture and compared results from the previous year as part of a broader review. Reference number 305 was included in the dataset.,REAL
Social media users are sharing a claim that a revolutionary discovery can instantly eliminate every problem related to economic growth. Online claim reference 327 was included in the dataset.,FAKE
Social media users are sharing a claim that a revolutionary discovery can instantly eliminate every problem related to agriculture. Online claim reference 322 was included in the dataset.,FAKE
Researchers found a possible connection between water management and changes observed during the study period. Reference number 425 was included in the dataset.,REAL
Researchers published findings about crop resilience during drought in a peer-reviewed journal according to recently published information. Reference number 25 was included in the dataset.,REAL
A widely shared post claims that a secret method can make renewable energy adoption completely unnecessary within a few days. Online claim reference 257 was included in the dataset.,FAKE
Social media users are sharing a claim that an instant solution can instantly eliminate every problem related to agriculture. Online claim reference 432 was included in the dataset.,FAKE
Social media users are sharing a claim that a breakthrough supposedly kept from the public can instantly eliminate every problem related to renewable energy. Online claim reference 63 was included in the dataset.,FAKE
Authorities announced plans to evaluate agriculture before introducing the proposed changes nationwide. Reference number 454 was included in the dataset.,REAL
Viral messages claim that a breakthrough supposedly kept from the public can guarantee success in solar panel efficiency almost immediately. Online claim reference 202 was included in the dataset.,FAKE
Authorities announced plans to evaluate water management before introducing the proposed changes nationwide. Reference number 427 was included in the dataset.,REAL
"Researchers reported that a new approach may improve renewable energy adoption, although further testing is required. Reference number 422 was included in the dataset.",REAL
A viral report claims that the United States has discovered a previously unknown treatment that will completely solve renewable energy overnight. Online claim reference 158 was included in the dataset.,FAKE
Authorities announced plans to evaluate cybersecurity before introducing the proposed changes nationwide. Reference number 156 was included in the dataset.,REAL
"Researchers reported that a new approach may improve traffic management systems, although further testing is required. Reference number 318 was included in the dataset.",REAL
An unverified report from a message circulating online claims that researchers have discovered a miracle technique for solar panel efficiency. Online claim reference 562 was included in the dataset.,FAKE
"Researchers reported that a new approach may improve air quality in urban areas, although further testing is required. Reference number 369 was included in the dataset.",REAL
A new report examined changes in climate change and compared results from the previous year as part of a broader review. Reference number 32 was included in the dataset.,REAL
A study involving several research institutions examined online learning outcomes and identified areas for further research. Reference number 360 was included in the dataset.,REAL
BREAKING: a widely shared online claim claims that officials secretly tested a secret method that can permanently eliminate water management. Online claim reference 128 was included in the dataset.,FAKE
the Energy Ministry reviewed a new initiative related to education according to recently published information. Reference number 516 was included in the dataset.,REAL
the United Nations introduced a new initiative related to digital technology based on findings from the study. Reference number 114 was included in the dataset.,REAL
A viral report claims that Germany has discovered a hidden technology that will completely solve climate change overnight. Online claim reference 353 was included in the dataset.,FAKE
Online posts claim that scientists have hidden evidence showing that cybersecurity can be solved immediately using a breakthrough supposedly kept from the public. Online claim reference 304 was included in the dataset.,FAKE
Authorities announced plans to evaluate public health before introducing the proposed changes nationwide. Reference number 269 was included in the dataset.,REAL
BREAKING: an internet user claims that officials secretly tested a revolutionary discovery that can permanently eliminate agriculture. Online claim reference 547 was included in the dataset.,FAKE
A viral report claims that India has discovered an instant solution that will completely solve digital technology overnight. Online claim reference 373 was included in the dataset.,FAKE
A public report described recent developments in water management and included data from multiple sources. Reference number 367 was included in the dataset.,REAL
NASA released a new initiative related to public health following a detailed assessment. Reference number 47 was included in the dataset.,REAL
A new report examined changes in economic growth and compared results from the previous year as part of a broader review. Reference number 103 was included in the dataset.,REAL
A public report described recent developments in public health and included data from multiple sources. Reference number 461 was included in the dataset.,REAL
A viral report claims that India has discovered a revolutionary discovery that will completely solve economic growth overnight. Online claim reference 482 was included in the dataset.,FAKE
A study involving several research institutions examined solar panel efficiency and identified areas for further research. Reference number 219 was included in the dataset.,REAL
Researchers published findings about air quality in urban areas in a peer-reviewed journal after collecting data from several regions. Reference number 75 was included in the dataset.,REAL
An unverified claim circulating online says that authorities have confirmed a previously unknown treatment for digital technology. Online claim reference 197 was included in the dataset.,FAKE
An unverified report from an internet user claims that researchers have discovered a mysterious invention for online learning outcomes. Online claim reference 301 was included in the dataset.,FAKE
BREAKING: an unverified website claims that officials secretly tested an instant solution that can permanently eliminate education. Online claim reference 500 was included in the dataset.,FAKE
Authorities announced plans to evaluate economic growth before introducing the proposed changes nationwide. Reference number 451 was included in the dataset.,REAL
Social media users are sharing a claim that a miracle technique can instantly eliminate every problem related to water management. Online claim reference 504 was included in the dataset.,FAKE
A new report examined changes in public health and compared results from the previous year based on findings from the study. Reference number 62 was included in the dataset.,REAL
Viral messages claim that a miracle technique can guarantee success in early disease detection within just a few days. Online claim reference 539 was included in the dataset.,FAKE
A new report examined changes in public health and compared results from the previous year after collecting data from several regions. Reference number 513 was included in the dataset.,REAL
NASA examined a new initiative related to economic growth after collecting data from several regions. Reference number 325 was included in the dataset.,REAL
A study involving several research institutions examined water conservation methods and identified areas for further research. Reference number 323 was included in the dataset.,REAL
Social media users are sharing a claim that a secret method can instantly eliminate every problem related to water management. Online claim reference 579 was included in the dataset.,FAKE
A widely shared post claims that a breakthrough supposedly kept from the public can make air quality in urban areas completely unnecessary within a few days. Online claim reference 557 was included in the dataset.,FAKE
Online posts claim that scientists have hidden evidence showing that transportation can be solved immediately using an instant solution. Online claim reference 207 was included in the dataset.,FAKE
A study involving several research institutions examined air quality in urban areas and identified areas for further research. Reference number 575 was included in the dataset.,REAL
"Researchers reported that a new approach may improve renewable energy adoption, although further testing is required. Reference number 258 was included in the dataset.",REAL
A post making the rounds online claims that scientists are hiding a breakthrough involving water management. Online claim reference 468 was included in the dataset.,FAKE
Viral messages claim that an instant solution can guarantee success in water conservation methods almost immediately. Online claim reference 382 was included in the dataset.,FAKE
Officials in Japan evaluated new measures to improve transportation after collecting data from several regions. Reference number 396 was included in the dataset.,REAL
A public report described recent developments in water management and included data from multiple sources. Reference number 355 was included in the dataset.,REAL
"Researchers reported that a new approach may improve renewable energy adoption, although further testing is required. Reference number 397 was included in the dataset.",REAL
A study involving several research institutions examined early disease detection and identified areas for further research. Reference number 520 was included in the dataset.,REAL
An unverified report from an anonymous source claims that researchers have discovered a secret method for battery storage efficiency. Online claim reference 234 was included in the dataset.,FAKE
BREAKING: an unverified website claims that officials secretly tested a breakthrough supposedly kept from the public that can permanently eliminate cybersecurity. Online claim reference 112 was included in the dataset.,FAKE
An unverified claim circulating online says that authorities have confirmed a hidden technology for education. Online claim reference 72 was included in the dataset.,FAKE
A sensational article claims that a secret experiment has already solved cybersecurity risks without any supporting evidence being published. Online claim reference 218 was included in the dataset.,FAKE
A public report described recent developments in education and included data from multiple sources. Reference number 452 was included in the dataset.,REAL
Social media users are sharing a claim that a miracle technique can instantly eliminate every problem related to climate change. Online claim reference 42 was included in the dataset.,FAKE
Officials in Singapore examined new measures to improve agriculture following a detailed assessment. Reference number 441 was included in the dataset.,REAL
A widely shared post claims that an instant solution can make battery storage efficiency completely unnecessary within a few days. Online claim reference 309 was included in the dataset.,FAKE
Researchers published findings about traffic management systems in a peer-reviewed journal after reviewing recent data. Reference number 593 was included in the dataset.,REAL
Viral messages claim that a breakthrough supposedly kept from the public can guarantee success in crop resilience during drought without any known side effects. Online claim reference 481 was included in the dataset.,FAKE
The the United Nations released updated information about digital technology based on a university study. Reference number 43 was included in the dataset.,REAL
"Researchers reported that a new approach may improve traffic management systems, although further testing is required. Reference number 249 was included in the dataset.",REAL
The the Energy Ministry released updated information about water management based on an independent analysis. Reference number 145 was included in the dataset.,REAL
Viral messages claim that a breakthrough supposedly kept from the public can guarantee success in online learning outcomes without any supporting evidence being published. Online claim reference 536 was included in the dataset.,FAKE
Researchers published findings about air quality in urban areas in a peer-reviewed journal as part of a broader review. Reference number 395 was included in the dataset.,REAL
Social media users are sharing a claim that a breakthrough supposedly kept from the public can instantly eliminate every problem related to cybersecurity. Online claim reference 490 was included in the dataset.,FAKE
"Researchers reported that a new approach may improve solar panel efficiency, although further testing is required. Reference number 449 was included in the dataset.",REAL
A widely shared post claims that a previously unknown treatment can make air quality in urban areas completely unnecessary within a few days. Online claim reference 86 was included in the dataset.,FAKE
A sensational article claims that a secret experiment has already solved online learning outcomes without the need for expert approval. Online claim reference 428 was included in the dataset.,FAKE
A post making the rounds online claims that scientists are hiding a breakthrough involving agriculture. Online claim reference 83 was included in the dataset.,FAKE
An unverified report from a message circulating online claims that researchers have discovered a mysterious invention for water conservation methods. Online claim reference 136 was included in the dataset.,FAKE
An unverified claim circulating online says that authorities have confirmed a mysterious invention for renewable energy. Online claim reference 585 was included in the dataset.,FAKE
A widely shared post claims that a mysterious invention can make traffic management systems completely unnecessary within a few days. Online claim reference 180 was included in the dataset.,FAKE
A study involving several research institutions examined early disease detection and identified areas for further research. Reference number 351 was included in the dataset.,REAL
An unverified claim circulating online says that authorities have confirmed a previously unknown treatment for climate change. Online claim reference 458 was included in the dataset.,FAKE
Online posts claim that scientists have hidden evidence showing that agriculture can be solved immediately using a hidden technology. Online claim reference 27 was included in the dataset.,FAKE
Viral messages claim that a revolutionary discovery can guarantee success in air quality in urban areas within just a few days. Online claim reference 173 was included in the dataset.,FAKE
Viral messages claim that a breakthrough supposedly kept from the public can guarantee success in online learning outcomes without any supporting evidence being published. Online claim reference 191 was included in the dataset.,FAKE
Researchers found a possible connection between economic growth and changes observed during the study period. Reference number 65 was included in the dataset.,REAL
BREAKING: a widely shared online claim claims that officials secretly tested a hidden technology that can permanently eliminate cybersecurity. Online claim reference 313 was included in the dataset.,FAKE
the Election Commission published a new initiative related to climate change as part of a broader review. Reference number 421 was included in the dataset.,REAL
Authorities announced plans to evaluate transportation before introducing the proposed changes nationwide. Reference number 408 was included in the dataset.,REAL
Viral messages claim that an instant solution can guarantee success in air quality in urban areas with guaranteed results for everyone. Online claim reference 139 was included in the dataset.,FAKE
BREAKING: an unverified website claims that officials secretly tested a miracle technique that can permanently eliminate public health. Online claim reference 239 was included in the dataset.,FAKE
Authorities announced plans to evaluate transportation before introducing the proposed changes nationwide. Reference number 561 was included in the dataset.,REAL
Viral messages claim that a miracle technique can guarantee success in traffic management systems without any known side effects. Online claim reference 414 was included in the dataset.,FAKE
The the Health Department released updated information about water management based on published research. Reference number 257 was included in the dataset.,REAL
Officials in Singapore announced new measures to improve water management as part of a broader review. Reference number 205 was included in the dataset.,REAL
A viral report claims that India has discovered a revolutionary discovery that will completely solve digital technology overnight. Online claim reference 448 was included in the dataset.,FAKE
Online posts claim that scientists have hidden evidence showing that renewable energy can be solved immediately using a mysterious invention. Online claim reference 116 was included in the dataset.,FAKE
A public report described recent developments in water management and included data from multiple sources. Reference number 366 was included in the dataset.,REAL
A sensational article claims that a secret experiment has already solved online learning outcomes without any supporting evidence being published. Online claim reference 425 was included in the dataset.,FAKE
BREAKING: an unnamed researcher claims that officials secretly tested a secret method that can permanently eliminate education. Online claim reference 395 was included in the dataset.,FAKE
A sensational article claims that a secret experiment has already solved renewable energy adoption without the need for expert approval. Online claim reference 162 was included in the dataset.,FAKE
BREAKING: an unnamed researcher claims that officials secretly tested an instant solution that can permanently eliminate renewable energy. Online claim reference 533 was included in the dataset.,FAKE
An unverified claim circulating online says that authorities have confirmed a previously unknown treatment for transportation. Online claim reference 538 was included in the dataset.,FAKE
Researchers found a possible connection between climate change and changes observed during the study period. Reference number 572 was included in the dataset.,REAL
Authorities announced plans to evaluate climate change before introducing the proposed changes nationwide. Reference number 137 was included in the dataset.,REAL
An unverified claim circulating online says that authorities have confirmed a secret method for education. Online claim reference 391 was included in the dataset.,FAKE
Researchers found a possible connection between education and changes observed during the study period. Reference number 539 was included in the dataset.,REAL
The the Transport Department released updated information about water management based on a quarterly report. Reference number 409 was included in the dataset.,REAL
A widely shared post claims that a miracle technique can make water conservation methods completely unnecessary within a few days. Online claim reference 4 was included in the dataset.,FAKE
Researchers found a possible connection between climate change and changes observed during the study period. Reference number 544 was included in the dataset.,REAL
"Researchers reported that a new approach may improve crop resilience during drought, although further testing is required. Reference number 17 was included in the dataset.",REAL
A public report described recent developments in water management and included data from multiple sources. Reference number 537 was included in the dataset.,REAL
A widely shared post claims that an instant solution can make cybersecurity risks completely unnecessary within a few days. Online claim reference 523 was included in the dataset.,FAKE
Online posts claim that scientists have hidden evidence showing that public health can be solved immediately using a miracle technique. Online claim reference 319 was included in the dataset.,FAKE
A new report examined changes in agriculture and compared results from the previous year after reviewing recent data. Reference number 511 was included in the dataset.,REAL
Officials in Australia introduced new measures to improve education after collecting data from several regions. Reference number 527 was included in the dataset.,REAL
A viral report claims that the United Kingdom has discovered a breakthrough supposedly kept from the public that will completely solve water management overnight. Online claim reference 281 was included in the dataset.,FAKE
A post making the rounds online claims that scientists are hiding a breakthrough involving cybersecurity. Online claim reference 271 was included in the dataset.,FAKE
A post making the rounds online claims that scientists are hiding a breakthrough involving climate change. Online claim reference 288 was included in the dataset.,FAKE
Researchers found a possible connection between cybersecurity and changes observed during the study period. Reference number 57 was included in the dataset.,REAL
A sensational article claims that a secret experiment has already solved early disease detection despite no independent confirmation. Online claim reference 560 was included in the dataset.,FAKE
Researchers found a possible connection between education and changes observed during the study period. Reference number 364 was included in the dataset.,REAL
A widely shared post claims that a miracle technique can make air quality in urban areas completely unnecessary within a few days. Online claim reference 194 was included in the dataset.,FAKE
Authorities announced plans to evaluate renewable energy before introducing the proposed changes nationwide. Reference number 455 was included in the dataset.,REAL
Officials in Singapore released new measures to improve public health following an analysis of available evidence. Reference number 223 was included in the dataset.,REAL
Authorities announced plans to evaluate climate change before introducing the proposed changes nationwide. Reference number 383 was included in the dataset.,REAL
Researchers found a possible connection between education and changes observed during the study period. Reference number 556 was included in the dataset.,REAL
"Researchers reported that a new approach may improve cybersecurity risks, although further testing is required. Reference number 72 was included in the dataset.",REAL
Researchers published findings about traffic management systems in a peer-reviewed journal after collecting data from several regions. Reference number 83 was included in the dataset.,REAL
the Transport Department examined a new initiative related to climate change based on findings from the study. Reference number 420 was included in the dataset.,REAL
Social media users are sharing a claim that a breakthrough supposedly kept from the public can instantly eliminate every problem related to renewable energy. Online claim reference 516 was included in the dataset.,FAKE
Viral messages claim that a hidden technology can guarantee success in solar panel efficiency within just a few days. Online claim reference 312 was included in the dataset.,FAKE
Online posts claim that scientists have hidden evidence showing that water management can be solved immediately using a previously unknown treatment. Online claim reference 367 was included in the dataset.,FAKE
BREAKING: an unverified website claims that officials secretly tested a breakthrough supposedly kept from the public that can permanently eliminate public health. Online claim reference 54 was included in the dataset.,FAKE
A study involving several research institutions examined air quality in urban areas and identified areas for further research. Reference number 525 was included in the dataset.,REAL
The NASA released updated information about climate change based on published research. Reference number 275 was included in the dataset.,REAL
A sensational article claims that a secret experiment has already solved early disease detection almost immediately. Online claim reference 454 was included in the dataset.,FAKE
The NASA released updated information about economic growth based on published research. Reference number 220 was included in the dataset.,REAL
A public report described recent developments in public health and included data from multiple sources. Reference number 187 was included in the dataset.,REAL
Researchers published findings about traffic management systems in a peer-reviewed journal after collecting data from several regions. Reference number 487 was included in the dataset.,REAL
Online posts claim that scientists have hidden evidence showing that water management can be solved immediately using a secret method. Online claim reference 117 was included in the dataset.,FAKE
Researchers found a possible connection between agriculture and changes observed during the study period. Reference number 203 was included in the dataset.,REAL
A new report examined changes in economic growth and compared results from the previous year after consultations with researchers. Reference number 241 was included in the dataset.,REAL
Researchers published findings about battery storage efficiency in a peer-reviewed journal based on findings from the study. Reference number 116 was included in the dataset.,REAL
Social media users are sharing a claim that a previously unknown treatment can instantly eliminate every problem related to climate change. Online claim reference 475 was included in the dataset.,FAKE
Authorities announced plans to evaluate agriculture before introducing the proposed changes nationwide. Reference number 337 was included in the dataset.,REAL
Viral messages claim that a mysterious invention can guarantee success in traffic management systems despite no independent confirmation. Online claim reference 409 was included in the dataset.,FAKE
An unverified claim circulating online says that authorities have confirmed a previously unknown treatment for renewable energy. Online claim reference 15 was included in the dataset.,FAKE
Authorities announced plans to evaluate public health before introducing the proposed changes nationwide. Reference number 462 was included in the dataset.,REAL
Researchers found a possible connection between digital technology and changes observed during the study period. Reference number 465 was included in the dataset.,REAL
BREAKING: an unnamed researcher claims that officials secretly tested an instant solution that can permanently eliminate education. Online claim reference 342 was included in the dataset.,FAKE
Authorities announced plans to evaluate cybersecurity before introducing the proposed changes nationwide. Reference number 211 was included in the dataset.,REAL
A sensational article claims that a secret experiment has already solved solar panel efficiency with no further testing required. Online claim reference 224 was included in the dataset.,FAKE
"Researchers reported that a new approach may improve cybersecurity risks, although further testing is required. Reference number 476 was included in the dataset.",REAL
A public report described recent developments in climate change and included data from multiple sources. Reference number 271 was included in the dataset.,REAL
A sensational article claims that a secret experiment has already solved battery storage efficiency with guaranteed results for everyone. Online claim reference 561 was included in the dataset.,FAKE
Researchers published findings about cybersecurity risks in a peer-reviewed journal after collecting data from several regions. Reference number 582 was included in the dataset.,REAL
An unverified report from a viral social media post claims that researchers have discovered a miracle technique for solar panel efficiency. Online claim reference 467 was included in the dataset.,FAKE
Social media users are sharing a claim that a miracle technique can instantly eliminate every problem related to climate change. Online claim reference 55 was included in the dataset.,FAKE
The NASA released updated information about transportation based on published research. Reference number 52 was included in the dataset.,REAL
Researchers published findings about water conservation methods in a peer-reviewed journal after reviewing recent data. Reference number 5 was included in the dataset.,REAL
BREAKING: a message circulating online claims that officials secretly tested an instant solution that can permanently eliminate economic growth. Online claim reference 263 was included in the dataset.,FAKE
An unverified report from an unknown organization claims that researchers have discovered a miracle technique for cybersecurity risks. Online claim reference 591 was included in the dataset.,FAKE
Researchers found a possible connection between digital technology and changes observed during the study period. Reference number 538 was included in the dataset.,REAL
A study involving several research institutions examined solar panel efficiency and identified areas for further research. Reference number 370 was included in the dataset.,REAL
A new report examined changes in economic growth and compared results from the previous year based on findings from the study. Reference number 514 was included in the dataset.,REAL
Researchers found a possible connection between renewable energy and changes observed during the study period. Reference number 3 was included in the dataset.,REAL
Viral messages claim that a hidden technology can guarantee success in early disease detection without any supporting evidence being published. Online claim reference 10 was included in the dataset.,FAKE
A public report described recent developments in water management and included data from multiple sources. Reference number 182 was included in the dataset.,REAL
A sensational article claims that a secret experiment has already solved air quality in urban areas despite no independent confirmation. Online claim reference 186 was included in the dataset.,FAKE
"Researchers reported that a new approach may improve air quality in urban areas, although further testing is required. Reference number 169 was included in the dataset.",REAL
Officials in Germany reported new measures to improve cybersecurity as part of a broader review. Reference number 236 was included in the dataset.,REAL
Researchers published findings about early disease detection in a peer-reviewed journal following an analysis of available evidence. Reference number 316 was included in the dataset.,REAL
Viral messages claim that an instant solution can guarantee success in early disease detection despite no independent confirmation. Online claim reference 543 was included in the dataset.,FAKE
Online posts claim that scientists have hidden evidence showing that agriculture can be solved immediately using a miracle technique. Online claim reference 554 was included in the dataset.,FAKE
An unverified report from an unverified website claims that researchers have discovered a miracle technique for crop resilience during drought. Online claim reference 419 was included in the dataset.,FAKE
A study involving several research institutions examined crop resilience during drought and identified areas for further research. Reference number 250 was included in the dataset.,REAL
Researchers published findings about traffic management systems in a peer-reviewed journal after reviewing recent data. Reference number 531 was included in the dataset.,REAL
A widely shared post claims that a secret method can make water conservation methods completely unnecessary within a few days. Online claim reference 295 was included in the dataset.,FAKE
Researchers published findings about water conservation methods in a peer-reviewed journal after reviewing recent data. Reference number 457 was included in the dataset.,REAL
A public report described recent developments in climate change and included data from multiple sources. Reference number 238 was included in the dataset.,REAL
Officials in India announced new measures to improve water management following a detailed assessment. Reference number 19 was included in the dataset.,REAL
BREAKING: an unverified website claims that officials secretly tested a mysterious invention that can permanently eliminate cybersecurity. Online claim reference 102 was included in the dataset.,FAKE
Authorities announced plans to evaluate public health before introducing the proposed changes nationwide. Reference number 423 was included in the dataset.,REAL
Authorities announced plans to evaluate economic growth before introducing the proposed changes nationwide. Reference number 509 was included in the dataset.,REAL
the Health Department evaluated a new initiative related to digital technology after collecting data from several regions. Reference number 330 was included in the dataset.,REAL
A widely shared post claims that a secret method can make early disease detection completely unnecessary within a few days. Online claim reference 276 was included in the dataset.,FAKE
A study involving several research institutions examined solar panel efficiency and identified areas for further research. Reference number 473 was included in the dataset.,REAL
Researchers published findings about battery storage efficiency in a peer-reviewed journal based on findings from the study. Reference number 112 was included in the dataset.,REAL
Researchers published findings about crop resilience during drought in a peer-reviewed journal after collecting data from several regions. Reference number 202 was included in the dataset.,REAL
A new report examined changes in climate change and compared results from the previous year after reviewing recent data. Reference number 292 was included in the dataset.,REAL
A post making the rounds online claims that scientists are hiding a breakthrough involving economic growth. Online claim reference 24 was included in the dataset.,FAKE
A study involving several research institutions examined battery storage efficiency and identified areas for further research. Reference number 378 was included in the dataset.,REAL
A post making the rounds online claims that scientists are hiding a breakthrough involving transportation. Online claim reference 344 was included in the dataset.,FAKE
Social media users are sharing a claim that a breakthrough supposedly kept from the public can instantly eliminate every problem related to renewable energy. Online claim reference 525 was included in the dataset.,FAKE
A new report examined changes in climate change and compared results from the previous year as part of a broader review. Reference number 136 was included in the dataset.,REAL
A viral report claims that India has discovered a revolutionary discovery that will completely solve economic growth overnight. Online claim reference 308 was included in the dataset.,FAKE
A new report examined changes in public health and compared results from the previous year based on findings from the study. Reference number 248 was included in the dataset.,REAL
Authorities announced plans to evaluate economic growth before introducing the proposed changes nationwide. Reference number 154 was included in the dataset.,REAL
A viral report claims that India has discovered a revolutionary discovery that will completely solve climate change overnight. Online claim reference 330 was included in the dataset.,FAKE
A viral report claims that Australia has discovered a revolutionary discovery that will completely solve transportation overnight. Online claim reference 279 was included in the dataset.,FAKE
The NASA released updated information about public health based on an independent analysis. Reference number 440 was included in the dataset.,REAL
An unverified report from a viral social media post claims that researchers have discovered a revolutionary discovery for battery storage efficiency. Online claim reference 413 was included in the dataset.,FAKE
Officials in Canada evaluated new measures to improve renewable energy based on findings from the study. Reference number 530 was included in the dataset.,REAL
A viral report claims that Germany has discovered a breakthrough supposedly kept from the public that will completely solve climate change overnight. Online claim reference 390 was included in the dataset.,FAKE
Officials in Australia reviewed new measures to improve water management after reviewing recent data. Reference number 426 was included in the dataset.,REAL
A new report examined changes in digital technology and compared results from the previous year based on findings from the study. Reference number 568 was included in the dataset.,REAL
Researchers published findings about battery storage efficiency in a peer-reviewed journal following a detailed assessment. Reference number 348 was included in the dataset.,REAL
A widely shared post claims that a breakthrough supposedly kept from the public can make crop resilience during drought completely unnecessary within a few days. Online claim reference 37 was included in the dataset.,FAKE
the Transport Department released a new initiative related to climate change following an analysis of available evidence. Reference number 174 was included in the dataset.,REAL
A post making the rounds online claims that scientists are hiding a breakthrough involving economic growth. Online claim reference 198 was included in the dataset.,FAKE
A sensational article claims that a secret experiment has already solved battery storage efficiency almost immediately. Online claim reference 584 was included in the dataset.,FAKE
A public report described recent developments in digital technology and included data from multiple sources. Reference number 192 was included in the dataset.,REAL
Researchers found a possible connection between renewable energy and changes observed during the study period. Reference number 88 was included in the dataset.,REAL
Online posts claim that scientists have hidden evidence showing that cybersecurity can be solved immediately using a miracle technique. Online claim reference 64 was included in the dataset.,FAKE
Social media users are sharing a claim that a secret method can instantly eliminate every problem related to economic growth. Online claim reference 307 was included in the dataset.,FAKE
Researchers published findings about online learning outcomes in a peer-reviewed journal after consultations with researchers. Reference number 217 was included in the dataset.,REAL
A sensational article claims that a secret experiment has already solved air quality in urban areas without any supporting evidence being published. Online claim reference 53 was included in the dataset.,FAKE
An unverified report from an unnamed researcher claims that researchers have discovered a miracle technique for cybersecurity risks. Online claim reference 406 was included in the dataset.,FAKE
Officials in Japan introduced new measures to improve education based on findings from the study. Reference number 181 was included in the dataset.,REAL
BREAKING: an internet user claims that officials secretly tested a miracle technique that can permanently eliminate economic growth. Online claim reference 544 was included in the dataset.,FAKE
Officials in Germany released new measures to improve agriculture following a detailed assessment. Reference number 69 was included in the dataset.,REAL
A viral report claims that the United Kingdom has discovered an instant solution that will completely solve education overnight. Online claim reference 22 was included in the dataset.,FAKE
Authorities announced plans to evaluate renewable energy before introducing the proposed changes nationwide. Reference number 376 was included in the dataset.,REAL
Viral messages claim that a revolutionary discovery can guarantee success in battery storage efficiency without any known side effects. Online claim reference 44 was included in the dataset.,FAKE
A widely shared post claims that a breakthrough supposedly kept from the public can make water conservation methods completely unnecessary within a few days. Online claim reference 222 was included in the dataset.,FAKE
Viral messages claim that a mysterious invention can guarantee success in renewable energy adoption within just a few days. Online claim reference 148 was included in the dataset.,FAKE
An unverified report from an unnamed researcher claims that researchers have discovered a secret method for water conservation methods. Online claim reference 199 was included in the dataset.,FAKE
A study involving several research institutions examined air quality in urban areas and identified areas for further research. Reference number 460 was included in the dataset.,REAL
A study involving several research institutions examined water conservation methods and identified areas for further research. Reference number 44 was included in the dataset.,REAL
An unverified report from an unknown organization claims that researchers have discovered a previously unknown treatment for traffic management systems. Online claim reference 182 was included in the dataset.,FAKE
A widely shared post claims that a breakthrough supposedly kept from the public can make renewable energy adoption completely unnecessary within a few days. Online claim reference 92 was included in the dataset.,FAKE
A post making the rounds online claims that scientists are hiding a breakthrough involving digital technology. Online claim reference 34 was included in the dataset.,FAKE
Researchers published findings about water conservation methods in a peer-reviewed journal following an analysis of available evidence. Reference number 8 was included in the dataset.,REAL
A viral report claims that Singapore has discovered a previously unknown treatment that will completely solve water management overnight. Online claim reference 339 was included in the dataset.,FAKE
A post making the rounds online claims that scientists are hiding a breakthrough involving digital technology. Online claim reference 558 was included in the dataset.,FAKE
Social media users are sharing a claim that a mysterious invention can instantly eliminate every problem related to education. Online claim reference 289 was included in the dataset.,FAKE
A post making the rounds online claims that scientists are hiding a breakthrough involving cybersecurity. Online claim reference 13 was included in the dataset.,FAKE
An unverified claim circulating online says that authorities have confirmed a mysterious invention for cybersecurity. Online claim reference 465 was included in the dataset.,FAKE
A sensational article claims that a secret experiment has already solved cybersecurity risks with guaranteed results for everyone. Online claim reference 405 was included in the dataset.,FAKE
A widely shared post claims that a miracle technique can make traffic management systems completely unnecessary within a few days. Online claim reference 400 was included in the dataset.,FAKE
An unverified report from an internet user claims that researchers have discovered a miracle technique for traffic management systems. Online claim reference 575 was included in the dataset.,FAKE
A study involving several research institutions examined cybersecurity risks and identified areas for further research. Reference number 435 was included in the dataset.,REAL
An unverified claim circulating online says that authorities have confirmed a secret method for climate change. Online claim reference 240 was included in the dataset.,FAKE
Researchers published findings about battery storage efficiency in a peer-reviewed journal based on findings from the study. Reference number 505 was included in the dataset.,REAL
Social media users are sharing a claim that a breakthrough supposedly kept from the public can instantly eliminate every problem related to public health. Online claim reference 551 was included in the dataset.,FAKE
A sensational article claims that a secret experiment has already solved renewable energy adoption within just a few days. Online claim reference 89 was included in the dataset.,FAKE
Researchers found a possible connection between transportation and changes observed during the study period. Reference number 59 was included in the dataset.,REAL
"Researchers reported that a new approach may improve renewable energy adoption, although further testing is required. Reference number 170 was included in the dataset.",REAL
Researchers published findings about online learning outcomes in a peer-reviewed journal after consultations with researchers. Reference number 96 was included in the dataset.,REAL
A public report described recent developments in climate change and included data from multiple sources. Reference number 246 was included in the dataset.,REAL
Officials in the United States reviewed new measures to improve water management following an analysis of available evidence. Reference number 79 was included in the dataset.,REAL
"Researchers reported that a new approach may improve crop resilience during drought, although further testing is required. Reference number 82 was included in the dataset.",REAL
A post making the rounds online claims that scientists are hiding a breakthrough involving transportation. Online claim reference 502 was included in the dataset.,FAKE
An unverified report from an unnamed researcher claims that researchers have discovered a previously unknown treatment for renewable energy adoption. Online claim reference 371 was included in the dataset.,FAKE
A post making the rounds online claims that scientists are hiding a breakthrough involving economic growth. Online claim reference 9 was included in the dataset.,FAKE
A post making the rounds online claims that scientists are hiding a breakthrough involving water management. Online claim reference 81 was included in the dataset.,FAKE
A viral report claims that Germany has discovered a hidden technology that will completely solve renewable energy overnight. Online claim reference 93 was included in the dataset.,FAKE
Officials in Germany announced new measures to improve digital technology based on findings from the study. Reference number 313 was included in the dataset.,REAL
A study involving several research institutions examined cybersecurity risks and identified areas for further research. Reference number 235 was included in the dataset.,REAL
"Researchers reported that a new approach may improve air quality in urban areas, although further testing is required. Reference number 534 was included in the dataset.",REAL
Researchers published findings about solar panel efficiency in a peer-reviewed journal following a detailed assessment. Reference number 439 was included in the dataset.,REAL
Researchers found a possible connection between water management and changes observed during the study period. Reference number 283 was included in the dataset.,REAL
Viral messages claim that a mysterious invention can guarantee success in air quality in urban areas without any supporting evidence being published. Online claim reference 440 was included in the dataset.,FAKE
Social media users are sharing a claim that a hidden technology can instantly eliminate every problem related to agriculture. Online claim reference 594 was included in the dataset.,FAKE
Officials in Japan evaluated new measures to improve cybersecurity according to recently published information. Reference number 480 was included in the dataset.,REAL
A public report described recent developments in digital technology and included data from multiple sources. Reference number 363 was included in the dataset.,REAL
"Researchers reported that a new approach may improve water conservation methods, although further testing is required. Reference number 450 was included in the dataset.",REAL
Researchers found a possible connection between renewable energy and changes observed during the study period. Reference number 188 was included in the dataset.,REAL
A post making the rounds online claims that scientists are hiding a breakthrough involving education. Online claim reference 229 was included in the dataset.,FAKE
Officials in Australia evaluated new measures to improve cybersecurity after consultations with researchers. Reference number 429 was included in the dataset.,REAL
An unverified claim circulating online says that authorities have confirmed a miracle technique for water management. Online claim reference 509 was included in the dataset.,FAKE
the World Bank reported a new initiative related to agriculture according to recently published information. Reference number 380 was included in the dataset.,REAL
A public report described recent developments in public health and included data from multiple sources. Reference number 55 was included in the dataset.,REAL
Researchers published findings about solar panel efficiency in a peer-reviewed journal after reviewing recent data. Reference number 274 was included in the dataset.,REAL
Social media users are sharing a claim that an instant solution can instantly eliminate every problem related to climate change. Online claim reference 302 was included in the dataset.,FAKE
An unverified claim circulating online says that authorities have confirmed a hidden technology for digital technology. Online claim reference 33 was included in the dataset.,FAKE
Social media users are sharing a claim that a mysterious invention can instantly eliminate every problem related to economic growth. Online claim reference 329 was included in the dataset.,FAKE
The the Election Commission released updated information about transportation based on a government report. Reference number 160 was included in the dataset.,REAL
Researchers found a possible connection between renewable energy and changes observed during the study period. Reference number 526 was included in the dataset.,REAL
Social media users are sharing a claim that a hidden technology can instantly eliminate every problem related to agriculture. Online claim reference 209 was included in the dataset.,FAKE
A widely shared post claims that an instant solution can make solar panel efficiency completely unnecessary within a few days. Online claim reference 364 was included in the dataset.,FAKE
Social media users are sharing a claim that a revolutionary discovery can instantly eliminate every problem related to agriculture. Online claim reference 350 was included in the dataset.,FAKE
the United Nations reported a new initiative related to cybersecurity after collecting data from several regions. Reference number 489 was included in the dataset.,REAL
The the Election Commission released updated information about digital technology based on a government report. Reference number 413 was included in the dataset.,REAL
A study involving several research institutions examined early disease detection and identified areas for further research. Reference number 584 was included in the dataset.,REAL
Social media users are sharing a claim that a secret method can instantly eliminate every problem related to cybersecurity. Online claim reference 12 was included in the dataset.,FAKE
A public report described recent developments in water management and included data from multiple sources. Reference number 354 was included in the dataset.,REAL
BREAKING: an unverified website claims that officials secretly tested an instant solution that can permanently eliminate water management. Online claim reference 107 was included in the dataset.,FAKE
Officials in the United States announced new measures to improve water management after reviewing recent data. Reference number 399 was included in the dataset.,REAL
Officials in the United Kingdom released new measures to improve education following a detailed assessment. Reference number 326 was included in the dataset.,REAL
Researchers published findings about crop resilience during drought in a peer-reviewed journal following an analysis of available evidence. Reference number 175 was included in the dataset.,REAL
Officials in the United Kingdom released new measures to improve public health based on findings from the study. Reference number 50 was included in the dataset.,REAL
Viral messages claim that a previously unknown treatment can guarantee success in crop resilience during drought almost immediately. Online claim reference 62 was included in the dataset.,FAKE
The NASA released updated information about transportation based on published research. Reference number 278 was included in the dataset.,REAL
Officials in the United States announced new measures to improve agriculture according to recently published information. Reference number 565 was included in the dataset.,REAL
A study involving several research institutions examined battery storage efficiency and identified areas for further research. Reference number 289 was included in the dataset.,REAL
Researchers found a possible connection between economic growth and changes observed during the study period. Reference number 358 was included in the dataset.,REAL
The the Election Commission released updated information about agriculture based on a quarterly report. Reference number 542 was included in the dataset.,REAL
A public report described recent developments in climate change and included data from multiple sources. Reference number 98 was included in the dataset.,REAL
A new report examined changes in transportation and compared results from the previous year after consultations with researchers. Reference number 502 was included in the dataset.,REAL
Authorities announced plans to evaluate digital technology before introducing the proposed changes nationwide. Reference number 314 was included in the dataset.,REAL
The the World Bank released updated information about renewable energy based on a quarterly report. Reference number 540 was included in the dataset.,REAL
The the World Bank released updated information about renewable energy based on a government report. Reference number 180 was included in the dataset.,REAL
BREAKING: an unnamed researcher claims that officials secretly tested a revolutionary discovery that can permanently eliminate public health. Online claim reference 292 was included in the dataset.,FAKE
Researchers published findings about renewable energy adoption in a peer-reviewed journal based on findings from the study. Reference number 108 was included in the dataset.,REAL
A public report described recent developments in cybersecurity and included data from multiple sources. Reference number 388 was included in the dataset.,REAL
An unverified claim circulating online says that authorities have confirmed a breakthrough supposedly kept from the public for education. Online claim reference 324 was included in the dataset.,FAKE
A post making the rounds online claims that scientists are hiding a breakthrough involving education. Online claim reference 380 was included in the dataset.,FAKE
A new report examined changes in education and compared results from the previous year following a detailed assessment. Reference number 101 was included in the dataset.,REAL
A new report examined changes in agriculture and compared results from the previous year following an analysis of available evidence. Reference number 11 was included in the dataset.,REAL
A widely shared post claims that a revolutionary discovery can make solar panel efficiency completely unnecessary within a few days. Online claim reference 142 was included in the dataset.,FAKE
Researchers found a possible connection between education and changes observed during the study period. Reference number 232 was included in the dataset.,REAL
A widely shared post claims that a hidden technology can make early disease detection completely unnecessary within a few days. Online claim reference 305 was included in the dataset.,FAKE
"Researchers reported that a new approach may improve air quality in urban areas, although further testing is required. Reference number 280 was included in the dataset.",REAL
A widely shared post claims that a miracle technique can make battery storage efficiency completely unnecessary within a few days. Online claim reference 369 was included in the dataset.,FAKE
Authorities announced plans to evaluate water management before introducing the proposed changes nationwide. Reference number 372 was included in the dataset.,REAL
Online posts claim that scientists have hidden evidence showing that economic growth can be solved immediately using a secret method. Online claim reference 166 was included in the dataset.,FAKE
The the Election Commission released updated information about agriculture based on official data. Reference number 338 was included in the dataset.,REAL
Authorities announced plans to evaluate renewable energy before introducing the proposed changes nationwide. Reference number 68 was included in the dataset.,REAL
Authorities announced plans to evaluate education before introducing the proposed changes nationwide. Reference number 417 was included in the dataset.,REAL
An unverified claim circulating online says that authorities have confirmed a mysterious invention for transportation. Online claim reference 237 was included in the dataset.,FAKE
A study involving several research institutions examined water conservation methods and identified areas for further research. Reference number 113 was included in the dataset.,REAL
Online posts claim that scientists have hidden evidence showing that water management can be solved immediately using a mysterious invention. Online claim reference 489 was included in the dataset.,FAKE
Viral messages claim that a breakthrough supposedly kept from the public can guarantee success in air quality in urban areas despite no independent confirmation. Online claim reference 88 was included in the dataset.,FAKE
The the United Nations released updated information about transportation based on a government report. Reference number 277 was included in the dataset.,REAL
A sensational article claims that a secret experiment has already solved online learning outcomes without any supporting evidence being published. Online claim reference 600 was included in the dataset.,FAKE
The the Transport Department released updated information about climate change based on a quarterly report. Reference number 254 was included in the dataset.,REAL
Authorities announced plans to evaluate education before introducing the proposed changes nationwide. Reference number 27 was included in the dataset.,REAL
The the Energy Ministry released updated information about economic growth based on official data. Reference number 389 was included in the dataset.,REAL
BREAKING: a widely shared online claim claims that officials secretly tested a breakthrough supposedly kept from the public that can permanently eliminate climate change. Online claim reference 436 was included in the dataset.,FAKE
Social media users are sharing a claim that a revolutionary discovery can instantly eliminate every problem related to transportation. Online claim reference 317 was included in the dataset.,FAKE
Researchers found a possible connection between education and changes observed during the study period. Reference number 158 was included in the dataset.,REAL
BREAKING: a message circulating online claims that officials secretly tested a mysterious invention that can permanently eliminate education. Online claim reference 549 was included in the dataset.,FAKE
BREAKING: a message circulating online claims that officials secretly tested a mysterious invention that can permanently eliminate digital technology. Online claim reference 39 was included in the dataset.,FAKE
Social media users are sharing a claim that a revolutionary discovery can instantly eliminate every problem related to public health. Online claim reference 20 was included in the dataset.,FAKE
A study involving several research institutions examined traffic management systems and identified areas for further research. Reference number 524 was included in the dataset.,REAL
Authorities announced plans to evaluate agriculture before introducing the proposed changes nationwide. Reference number 578 was included in the dataset.,REAL
An unverified claim circulating online says that authorities have confirmed a secret method for water management. Online claim reference 532 was included in the dataset.,FAKE
A new report examined changes in transportation and compared results from the previous year based on findings from the study. Reference number 198 was included in the dataset.,REAL
An unverified claim circulating online says that authorities have confirmed a previously unknown treatment for climate change. Online claim reference 531 was included in the dataset.,FAKE
A new report examined changes in economic growth and compared results from the previous year after collecting data from several regions. Reference number 73 was included in the dataset.,REAL
A study involving several research institutions examined renewable energy adoption and identified areas for further research. Reference number 209 was included in the dataset.,REAL
Online posts claim that scientists have hidden evidence showing that economic growth can be solved immediately using an instant solution. Online claim reference 340 was included in the dataset.,FAKE
A new report examined changes in cybersecurity and compared results from the previous year after reviewing recent data. Reference number 147 was included in the dataset.,REAL
A viral report claims that Japan has discovered a secret method that will completely solve transportation overnight. Online claim reference 524 was included in the dataset.,FAKE
Officials in Germany introduced new measures to improve digital technology after collecting data from several regions. Reference number 261 was included in the dataset.,REAL
A viral report claims that Canada has discovered a secret method that will completely solve digital technology overnight. Online claim reference 496 was included in the dataset.,FAKE
Researchers found a possible connection between public health and changes observed during the study period. Reference number 468 was included in the dataset.,REAL
Researchers published findings about air quality in urban areas in a peer-reviewed journal as part of a broader review. Reference number 410 was included in the dataset.,REAL
A viral report claims that Germany has discovered a revolutionary discovery that will completely solve agriculture overnight. Online claim reference 493 was included in the dataset.,FAKE
A viral report claims that India has discovered a hidden technology that will completely solve transportation overnight. Online claim reference 566 was included in the dataset.,FAKE
A new report examined changes in digital technology and compared results from the previous year according to recently published information. Reference number 267 was included in the dataset.,REAL
An unverified report from a message circulating online claims that researchers have discovered a miracle technique for air quality in urban areas. Online claim reference 437 was included in the dataset.,FAKE
Researchers found a possible connection between climate change and changes observed during the study period. Reference number 564 was included in the dataset.,REAL
"Researchers reported that a new approach may improve cybersecurity risks, although further testing is required. Reference number 77 was included in the dataset.",REAL
A viral report claims that the United Kingdom has discovered a previously unknown treatment that will completely solve renewable energy overnight. Online claim reference 252 was included in the dataset.,FAKE
A viral report claims that the United Kingdom has discovered an instant solution that will completely solve transportation overnight. Online claim reference 38 was included in the dataset.,FAKE
A viral report claims that Canada has discovered a revolutionary discovery that will completely solve renewable energy overnight. Online claim reference 98 was included in the dataset.,FAKE
Social media users are sharing a claim that an instant solution can instantly eliminate every problem related to public health. Online claim reference 469 was included in the dataset.,FAKE
"Researchers reported that a new approach may improve battery storage efficiency, although further testing is required. Reference number 368 was included in the dataset.",REAL
An unverified claim circulating online says that authorities have confirmed a revolutionary discovery for renewable energy. Online claim reference 6 was included in the dataset.,FAKE
the Health Department published a new initiative related to cybersecurity after reviewing recent data. Reference number 222 was included in the dataset.,REAL
A public report described recent developments in economic growth and included data from multiple sources. Reference number 566 was included in the dataset.,REAL
Social media users are sharing a claim that a revolutionary discovery can instantly eliminate every problem related to agriculture. Online claim reference 463 was included in the dataset.,FAKE
Officials in Japan reviewed new measures to improve digital technology after consultations with researchers. Reference number 138 was included in the dataset.,REAL
An unverified claim circulating online says that authorities have confirmed a secret method for water management. Online claim reference 284 was included in the dataset.,FAKE
A post making the rounds online claims that scientists are hiding a breakthrough involving education. Online claim reference 260 was included in the dataset.,FAKE
A public report described recent developments in public health and included data from multiple sources. Reference number 146 was included in the dataset.,REAL
Social media users are sharing a claim that an instant solution can instantly eliminate every problem related to climate change. Online claim reference 429 was included in the dataset.,FAKE
"Researchers reported that a new approach may improve online learning outcomes, although further testing is required. Reference number 38 was included in the dataset.",REAL
The the World Bank released updated information about climate change based on a quarterly report. Reference number 243 was included in the dataset.,REAL
Researchers found a possible connection between water management and changes observed during the study period. Reference number 46 was included in the dataset.,REAL
An unverified claim circulating online says that authorities have confirmed an instant solution for water management. Online claim reference 129 was included in the dataset.,FAKE
A viral report claims that the United States has discovered a secret method that will completely solve economic growth overnight. Online claim reference 450 was included in the dataset.,FAKE
A widely shared post claims that an instant solution can make online learning outcomes completely unnecessary within a few days. Online claim reference 593 was included in the dataset.,FAKE
An unverified claim circulating online says that authorities have confirmed a previously unknown treatment for water management. Online claim reference 219 was included in the dataset.,FAKE
An unverified claim circulating online says that authorities have confirmed a previously unknown treatment for transportation. Online claim reference 21 was included in the dataset.,FAKE
Officials in India reviewed new measures to improve renewable energy according to recently published information. Reference number 361 was included in the dataset.,REAL
A sensational article claims that a secret experiment has already solved traffic management systems with guaranteed results for everyone. Online claim reference 578 was included in the dataset.,FAKE
Viral messages claim that an instant solution can guarantee success in crop resilience during drought despite no independent confirmation. Online claim reference 348 was included in the dataset.,FAKE
NASA reported a new initiative related to cybersecurity following a detailed assessment. Reference number 503 was included in the dataset.,REAL
BREAKING: an unverified website claims that officials secretly tested a breakthrough supposedly kept from the public that can permanently eliminate agriculture. Online claim reference 346 was included in the dataset.,FAKE
A widely shared post claims that a hidden technology can make early disease detection completely unnecessary within a few days. Online claim reference 541 was included in the dataset.,FAKE
An unverified claim circulating online says that authorities have confirmed a secret method for cybersecurity. Online claim reference 433 was included in the dataset.,FAKE
Officials in the United States examined new measures to improve water management after collecting data from several regions. Reference number 547 was included in the dataset.,REAL
Researchers found a possible connection between agriculture and changes observed during the study period. Reference number 301 was included in the dataset.,REAL
BREAKING: a widely shared online claim claims that officials secretly tested a hidden technology that can permanently eliminate renewable energy. Online claim reference 115 was included in the dataset.,FAKE
The the Energy Ministry released updated information about water management based on a government report. Reference number 48 was included in the dataset.,REAL
A public report described recent developments in public health and included data from multiple sources. Reference number 308 was included in the dataset.,REAL
A viral report claims that India has discovered a breakthrough supposedly kept from the public that will completely solve digital technology overnight. Online claim reference 599 was included in the dataset.,FAKE
Researchers published findings about early disease detection in a peer-reviewed journal following a detailed assessment. Reference number 1 was included in the dataset.,REAL
A sensational article claims that a secret experiment has already solved early disease detection without the need for expert approval. Online claim reference 74 was included in the dataset.,FAKE
Online posts claim that scientists have hidden evidence showing that climate change can be solved immediately using a secret method. Online claim reference 471 was included in the dataset.,FAKE
A sensational article claims that a secret experiment has already solved online learning outcomes without any known side effects. Online claim reference 511 was included in the dataset.,FAKE
The the Transport Department released updated information about cybersecurity based on published research. Reference number 558 was included in the dataset.,REAL
A post making the rounds online claims that scientists are hiding a breakthrough involving renewable energy. Online claim reference 528 was included in the dataset.,FAKE
A viral report claims that Japan has discovered a revolutionary discovery that will completely solve public health overnight. Online claim reference 132 was included in the dataset.,FAKE
"Researchers reported that a new approach may improve crop resilience during drought, although further testing is required. Reference number 519 was included in the dataset.",REAL
Social media users are sharing a claim that a previously unknown treatment can instantly eliminate every problem related to agriculture. Online claim reference 581 was included in the dataset.,FAKE
Authorities announced plans to evaluate transportation before introducing the proposed changes nationwide. Reference number 87 was included in the dataset.,REAL
A widely shared post claims that an instant solution can make battery storage efficiency completely unnecessary within a few days. Online claim reference 298 was included in the dataset.,FAKE
A public report described recent developments in renewable energy and included data from multiple sources. Reference number 263 was included in the dataset.,REAL
A viral report claims that Singapore has discovered a hidden technology that will completely solve public health overnight. Online claim reference 487 was included in the dataset.,FAKE
An unverified report from an anonymous source claims that researchers have discovered a revolutionary discovery for water conservation methods. Online claim reference 361 was included in the dataset.,FAKE
the Reserve Bank announced a new initiative related to transportation after consultations with researchers. Reference number 166 was included in the dataset.,REAL
BREAKING: an unnamed researcher claims that officials secretly tested a miracle technique that can permanently eliminate public health. Online claim reference 483 was included in the dataset.,FAKE
Researchers published findings about renewable energy adoption in a peer-reviewed journal after consultations with researchers. Reference number 212 was included in the dataset.,REAL
Researchers found a possible connection between transportation and changes observed during the study period. Reference number 589 was included in the dataset.,REAL
A sensational article claims that a secret experiment has already solved renewable energy adoption with no further testing required. Online claim reference 507 was included in the dataset.,FAKE
A public report described recent developments in digital technology and included data from multiple sources. Reference number 41 was included in the dataset.,REAL
Online posts claim that scientists have hidden evidence showing that agriculture can be solved immediately using a previously unknown treatment. Online claim reference 499 was included in the dataset.,FAKE
A study involving several research institutions examined renewable energy adoption and identified areas for further research. Reference number 322 was included in the dataset.,REAL
A public report described recent developments in education and included data from multiple sources. Reference number 458 was included in the dataset.,REAL
the Ministry of Education reviewed a new initiative related to education as part of a broader review. Reference number 569 was included in the dataset.,REAL
Authorities announced plans to evaluate agriculture before introducing the proposed changes nationwide. Reference number 6 was included in the dataset.,REAL
"Researchers reported that a new approach may improve renewable energy adoption, although further testing is required. Reference number 185 was included in the dataset.",REAL
An unverified report from an internet user claims that researchers have discovered a mysterious invention for water conservation methods. Online claim reference 297 was included in the dataset.,FAKE
A viral report claims that Japan has discovered a mysterious invention that will completely solve climate change overnight. Online claim reference 461 was included in the dataset.,FAKE
Online posts claim that scientists have hidden evidence showing that transportation can be solved immediately using a secret method. Online claim reference 192 was included in the dataset.,FAKE
Social media users are sharing a claim that a mysterious invention can instantly eliminate every problem related to renewable energy. Online claim reference 213 was included in the dataset.,FAKE
the World Bank introduced a new initiative related to climate change after consultations with researchers. Reference number 213 was included in the dataset.,REAL
Officials in India reviewed new measures to improve public health following an analysis of available evidence. Reference number 128 was included in the dataset.,REAL
Social media users are sharing a claim that a mysterious invention can instantly eliminate every problem related to public health. Online claim reference 68 was included in the dataset.,FAKE
A post making the rounds online claims that scientists are hiding a breakthrough involving education. Online claim reference 404 was included in the dataset.,FAKE
A study involving several research institutions examined air quality in urban areas and identified areas for further research. Reference number 599 was included in the dataset.,REAL
A viral report claims that Singapore has discovered an instant solution that will completely solve renewable energy overnight. Online claim reference 518 was included in the dataset.,FAKE
An unverified report from a message circulating online claims that researchers have discovered a secret method for online learning outcomes. Online claim reference 227 was included in the dataset.,FAKE
An unverified claim circulating online says that authorities have confirmed a breakthrough supposedly kept from the public for renewable energy. Online claim reference 152 was included in the dataset.,FAKE
Researchers found a possible connection between economic growth and changes observed during the study period. Reference number 543 was included in the dataset.,REAL
"Researchers reported that a new approach may improve online learning outcomes, although further testing is required. Reference number 550 was included in the dataset.",REAL
A public report described recent developments in agriculture and included data from multiple sources. Reference number 570 was included in the dataset.,REAL
Social media users are sharing a claim that a miracle technique can instantly eliminate every problem related to education. Online claim reference 315 was included in the dataset.,FAKE
Authorities announced plans to evaluate climate change before introducing the proposed changes nationwide. Reference number 21 was included in the dataset.,REAL
A post making the rounds online claims that scientists are hiding a breakthrough involving agriculture. Online claim reference 517 was included in the dataset.,FAKE
"Researchers reported that a new approach may improve traffic management systems, although further testing is required. Reference number 416 was included in the dataset.",REAL
A widely shared post claims that a hidden technology can make water conservation methods completely unnecessary within a few days. Online claim reference 570 was included in the dataset.,FAKE
Social media users are sharing a claim that a revolutionary discovery can instantly eliminate every problem related to water management. Online claim reference 550 was included in the dataset.,FAKE
A sensational article claims that a secret experiment has already solved online learning outcomes without any known side effects. Online claim reference 438 was included in the dataset.,FAKE
The NASA released updated information about economic growth based on a quarterly report. Reference number 334 was included in the dataset.,REAL
Officials in the United Kingdom reviewed new measures to improve economic growth after reviewing recent data. Reference number 102 was included in the dataset.,REAL
The the Election Commission released updated information about renewable energy based on an independent analysis. Reference number 129 was included in the dataset.,REAL
A study involving several research institutions examined water conservation methods and identified areas for further research. Reference number 586 was included in the dataset.,REAL
A study involving several research institutions examined solar panel efficiency and identified areas for further research. Reference number 306 was included in the dataset.,REAL
BREAKING: an anonymous source claims that officials secretly tested a previously unknown treatment that can permanently eliminate agriculture. Online claim reference 187 was included in the dataset.,FAKE
A post making the rounds online claims that scientists are hiding a breakthrough involving digital technology. Online claim reference 299 was included in the dataset.,FAKE
An unverified claim circulating online says that authorities have confirmed a previously unknown treatment for transportation. Online claim reference 61 was included in the dataset.,FAKE
Officials in India reported new measures to improve transportation as part of a broader review. Reference number 496 was included in the dataset.,REAL
A study involving several research institutions examined renewable energy adoption and identified areas for further research. Reference number 394 was included in the dataset.,REAL
A public report described recent developments in economic growth and included data from multiple sources. Reference number 186 was included in the dataset.,REAL
A widely shared post claims that a hidden technology can make traffic management systems completely unnecessary within a few days. Online claim reference 569 was included in the dataset.,FAKE
NASA introduced a new initiative related to education following a detailed assessment. Reference number 97 was included in the dataset.,REAL
Social media users are sharing a claim that a revolutionary discovery can instantly eliminate every problem related to climate change. Online claim reference 111 was included in the dataset.,FAKE
A widely shared post claims that a revolutionary discovery can make solar panel efficiency completely unnecessary within a few days. Online claim reference 291 was included in the dataset.,FAKE
A new report examined changes in public health and compared results from the previous year according to recently published information. Reference number 492 was included in the dataset.,REAL
An unverified claim circulating online says that authorities have confirmed a hidden technology for agriculture. Online claim reference 555 was included in the dataset.,FAKE
A sensational article claims that a secret experiment has already solved air quality in urban areas with guaranteed results for everyone. Online claim reference 416 was included in the dataset.,FAKE
A viral report claims that India has discovered a mysterious invention that will completely solve climate change overnight. Online claim reference 512 was included in the dataset.,FAKE
Researchers published findings about cybersecurity risks in a peer-reviewed journal after reviewing recent data. Reference number 24 was included in the dataset.,REAL
A post making the rounds online claims that scientists are hiding a breakthrough involving transportation. Online claim reference 272 was included in the dataset.,FAKE
Authorities announced plans to evaluate economic growth before introducing the proposed changes nationwide. Reference number 522 was included in the dataset.,REAL
A sensational article claims that a secret experiment has already solved renewable energy adoption without any supporting evidence being published. Online claim reference 85 was included in the dataset.,FAKE
BREAKING: a message circulating online claims that officials secretly tested a breakthrough supposedly kept from the public that can permanently eliminate digital technology. Online claim reference 57 was included in the dataset.,FAKE
Online posts claim that scientists have hidden evidence showing that water management can be solved immediately using a mysterious invention. Online claim reference 177 was included in the dataset.,FAKE
Authorities announced plans to evaluate water management before introducing the proposed changes nationwide. Reference number 125 was included in the dataset.,REAL
Authorities announced plans to evaluate cybersecurity before introducing the proposed changes nationwide. Reference number 85 was included in the dataset.,REAL
A public report described recent developments in climate change and included data from multiple sources. Reference number 120 was included in the dataset.,REAL
Officials in India evaluated new measures to improve climate change following a detailed assessment. Reference number 123 was included in the dataset.,REAL
A new report examined changes in economic growth and compared results from the previous year according to recently published information. Reference number 12 was included in the dataset.,REAL
A post making the rounds online claims that scientists are hiding a breakthrough involving agriculture. Online claim reference 351 was included in the dataset.,FAKE
Researchers published findings about renewable energy adoption in a peer-reviewed journal following a detailed assessment. Reference number 456 was included in the dataset.,REAL
An unverified report from a widely shared online claim claims that researchers have discovered a miracle technique for online learning outcomes. Online claim reference 172 was included in the dataset.,FAKE
Social media users are sharing a claim that a revolutionary discovery can instantly eliminate every problem related to climate change. Online claim reference 48 was included in the dataset.,FAKE
A public report described recent developments in digital technology and included data from multiple sources. Reference number 282 was included in the dataset.,REAL
Researchers published findings about early disease detection in a peer-reviewed journal after collecting data from several regions. Reference number 392 was included in the dataset.,REAL
A viral report claims that India has discovered a hidden technology that will completely solve water management overnight. Online claim reference 334 was included in the dataset.,FAKE
"Researchers reported that a new approach may improve water conservation methods, although further testing is required. Reference number 475 was included in the dataset.",REAL
A widely shared post claims that a secret method can make solar panel efficiency completely unnecessary within a few days. Online claim reference 359 was included in the dataset.,FAKE
Online posts claim that scientists have hidden evidence showing that economic growth can be solved immediately using a secret method. Online claim reference 75 was included in the dataset.,FAKE
Online posts claim that scientists have hidden evidence showing that economic growth can be solved immediately using a mysterious invention. Online claim reference 403 was included in the dataset.,FAKE
Viral messages claim that a miracle technique can guarantee success in online learning outcomes within just a few days. Online claim reference 392 was included in the dataset.,FAKE
Social media users are sharing a claim that a revolutionary discovery can instantly eliminate every problem related to cybersecurity. Online claim reference 459 was included in the dataset.,FAKE
An unverified claim circulating online says that authorities have confirmed a breakthrough supposedly kept from the public for economic growth. Online claim reference 164 was included in the dataset.,FAKE
A post making the rounds online claims that scientists are hiding a breakthrough involving digital technology. Online claim reference 69 was included in the dataset.,FAKE
The the Reserve Bank released updated information about cybersecurity based on an independent analysis. Reference number 177 was included in the dataset.,REAL
An unverified claim circulating online says that authorities have confirmed a mysterious invention for digital technology. Online claim reference 11 was included in the dataset.,FAKE
Online posts claim that scientists have hidden evidence showing that climate change can be solved immediately using a mysterious invention. Online claim reference 105 was included in the dataset.,FAKE
Researchers found a possible connection between economic growth and changes observed during the study period. Reference number 310 was included in the dataset.,REAL
A public report described recent developments in education and included data from multiple sources. Reference number 501 was included in the dataset.,REAL
The the Ministry of Education released updated information about transportation based on a government report. Reference number 407 was included in the dataset.,REAL
"Researchers reported that a new approach may improve traffic management systems, although further testing is required. Reference number 247 was included in the dataset.",REAL
A new report examined changes in cybersecurity and compared results from the previous year after collecting data from several regions. Reference number 122 was included in the dataset.,REAL
A sensational article claims that a secret experiment has already solved traffic management systems without any known side effects. Online claim reference 456 was included in the dataset.,FAKE
Researchers found a possible connection between agriculture and changes observed during the study period. Reference number 251 was included in the dataset.,REAL
Authorities announced plans to evaluate education before introducing the proposed changes nationwide. Reference number 414 was included in the dataset.,REAL
BREAKING: a widely shared online claim claims that officials secretly tested a mysterious invention that can permanently eliminate transportation. Online claim reference 479 was included in the dataset.,FAKE
A widely shared post claims that a secret method can make water conservation methods completely unnecessary within a few days. Online claim reference 43 was included in the dataset.,FAKE
the Reserve Bank reported a new initiative related to digital technology based on findings from the study. Reference number 153 was included in the dataset.,REAL
A study involving several research institutions examined crop resilience during drought and identified areas for further research. Reference number 445 was included in the dataset.,REAL
Social media users are sharing a claim that a secret method can instantly eliminate every problem related to water management. Online claim reference 8 was included in the dataset.,FAKE
"Researchers reported that a new approach may improve cybersecurity risks, although further testing is required. Reference number 347 was included in the dataset.",REAL
Social media users are sharing a claim that a breakthrough supposedly kept from the public can instantly eliminate every problem related to water management. Online claim reference 66 was included in the dataset.,FAKE
Researchers found a possible connection between public health and changes observed during the study period. Reference number 528 was included in the dataset.,REAL
A viral report claims that the United States has discovered a breakthrough supposedly kept from the public that will completely solve climate change overnight. Online claim reference 521 was included in the dataset.,FAKE
An unverified claim circulating online says that authorities have confirmed a breakthrough supposedly kept from the public for education. Online claim reference 266 was included in the dataset.,FAKE
Online posts claim that scientists have hidden evidence showing that digital technology can be solved immediately using a revolutionary discovery. Online claim reference 264 was included in the dataset.,FAKE
the Ministry of Education published a new initiative related to transportation based on findings from the study. Reference number 486 was included in the dataset.,REAL
"Researchers reported that a new approach may improve battery storage efficiency, although further testing is required. Reference number 365 was included in the dataset.",REAL
Researchers published findings about renewable energy adoption in a peer-reviewed journal after collecting data from several regions. Reference number 99 was included in the dataset.,REAL
A sensational article claims that a secret experiment has already solved online learning outcomes without the need for expert approval. Online claim reference 580 was included in the dataset.,FAKE
A new report examined changes in climate change and compared results from the previous year following a detailed assessment. Reference number 173 was included in the dataset.,REAL
A sensational article claims that a secret experiment has already solved traffic management systems despite no independent confirmation. Online claim reference 331 was included in the dataset.,FAKE
Authorities announced plans to evaluate education before introducing the proposed changes nationwide. Reference number 438 was included in the dataset.,REAL
A post making the rounds online claims that scientists are hiding a breakthrough involving cybersecurity. Online claim reference 485 was included in the dataset.,FAKE
the World Bank published a new initiative related to water management as part of a broader review. Reference number 152 was included in the dataset.,REAL
Viral messages claim that a breakthrough supposedly kept from the public can guarantee success in renewable energy adoption without the need for expert approval. Online claim reference 251 was included in the dataset.,FAKE
Officials in India reviewed new measures to improve climate change based on findings from the study. Reference number 105 was included in the dataset.,REAL
An unverified report from an unnamed researcher claims that researchers have discovered a mysterious invention for water conservation methods. Online claim reference 387 was included in the dataset.,FAKE
Online posts claim that scientists have hidden evidence showing that economic growth can be solved immediately using a secret method. Online claim reference 144 was included in the dataset.,FAKE
Authorities announced plans to evaluate agriculture before introducing the proposed changes nationwide. Reference number 371 was included in the dataset.,REAL
An unverified report from a message circulating online claims that researchers have discovered a previously unknown treatment for early disease detection. Online claim reference 321 was included in the dataset.,FAKE
Social media users are sharing a claim that a miracle technique can instantly eliminate every problem related to agriculture. Online claim reference 453 was included in the dataset.,FAKE
An unverified report from an anonymous source claims that researchers have discovered an instant solution for air quality in urban areas. Online claim reference 153 was included in the dataset.,FAKE
"Researchers reported that a new approach may improve online learning outcomes, although further testing is required. Reference number 201 was included in the dataset.",REAL
Social media users are sharing a claim that a hidden technology can instantly eliminate every problem related to economic growth. Online claim reference 167 was included in the dataset.,FAKE
Viral messages claim that an instant solution can guarantee success in water conservation methods with guaranteed results for everyone. Online claim reference 515 was included in the dataset.,FAKE
the World Bank introduced a new initiative related to digital technology as part of a broader review. Reference number 215 was included in the dataset.,REAL
Online posts claim that scientists have hidden evidence showing that digital technology can be solved immediately using a miracle technique. Online claim reference 316 was included in the dataset.,FAKE
Online posts claim that scientists have hidden evidence showing that water management can be solved immediately using an instant solution. Online claim reference 282 was included in the dataset.,FAKE
the Health Department reviewed a new initiative related to economic growth based on findings from the study. Reference number 495 was included in the dataset.,REAL
Online posts claim that scientists have hidden evidence showing that agriculture can be solved immediately using a breakthrough supposedly kept from the public. Online claim reference 113 was included in the dataset.,FAKE
A public report described recent developments in agriculture and included data from multiple sources. Reference number 453 was included in the dataset.,REAL
Authorities announced plans to evaluate water management before introducing the proposed changes nationwide. Reference number 141 was included in the dataset.,REAL
Officials in the United Kingdom released new measures to improve education following an analysis of available evidence. Reference number 592 was included in the dataset.,REAL
Researchers found a possible connection between agriculture and changes observed during the study period. Reference number 168 was included in the dataset.,REAL
Viral messages claim that a mysterious invention can guarantee success in air quality in urban areas almost immediately. Online claim reference 71 was included in the dataset.,FAKE
Officials in Australia reported new measures to improve cybersecurity as part of a broader review. Reference number 469 was included in the dataset.,REAL
Researchers published findings about air quality in urban areas in a peer-reviewed journal following a detailed assessment. Reference number 312 was included in the dataset.,REAL
A widely shared post claims that a hidden technology can make solar panel efficiency completely unnecessary within a few days. Online claim reference 127 was included in the dataset.,FAKE
A study involving several research institutions examined water conservation methods and identified areas for further research. Reference number 56 was included in the dataset.,REAL
A viral report claims that Australia has discovered a secret method that will completely solve public health overnight. Online claim reference 225 was included in the dataset.,FAKE
the National Statistics Office announced a new initiative related to water management following an analysis of available evidence. Reference number 595 was included in the dataset.,REAL
Online posts claim that scientists have hidden evidence showing that climate change can be solved immediately using a revolutionary discovery. Online claim reference 211 was included in the dataset.,FAKE
Online posts claim that scientists have hidden evidence showing that water management can be solved immediately using a mysterious invention. Online claim reference 171 was included in the dataset.,FAKE
A study involving several research institutions examined solar panel efficiency and identified areas for further research. Reference number 332 was included in the dataset.,REAL
the National Statistics Office released a new initiative related to water management following an analysis of available evidence. Reference number 135 was included in the dataset.,REAL
Authorities announced plans to evaluate water management before introducing the proposed changes nationwide. Reference number 100 was included in the dataset.,REAL
The the Health Department released updated information about public health based on a government report. Reference number 404 was included in the dataset.,REAL
An unverified claim circulating online says that authorities have confirmed a secret method for renewable energy. Online claim reference 255 was included in the dataset.,FAKE
A viral report claims that Australia has discovered a mysterious invention that will completely solve public health overnight. Online claim reference 338 was included in the dataset.,FAKE
A public report described recent developments in public health and included data from multiple sources. Reference number 200 was included in the dataset.,REAL
Viral messages claim that a revolutionary discovery can guarantee success in battery storage efficiency without any known side effects. Online claim reference 447 was included in the dataset.,FAKE
A viral report claims that Japan has discovered a breakthrough supposedly kept from the public that will completely solve climate change overnight. Online claim reference 242 was included in the dataset.,FAKE
Researchers published findings about air quality in urban areas in a peer-reviewed journal after reviewing recent data. Reference number 290 was included in the dataset.,REAL
Online posts claim that scientists have hidden evidence showing that digital technology can be solved immediately using an instant solution. Online claim reference 262 was included in the dataset.,FAKE
Researchers published findings about renewable energy adoption in a peer-reviewed journal after reviewing recent data. Reference number 541 was included in the dataset.,REAL
Officials in Japan examined new measures to improve water management after reviewing recent data. Reference number 74 was included in the dataset.,REAL
Social media users are sharing a claim that a revolutionary discovery can instantly eliminate every problem related to transportation. Online claim reference 460 was included in the dataset.,FAKE
the Energy Ministry examined a new initiative related to renewable energy following an analysis of available evidence. Reference number 401 was included in the dataset.,REAL
Social media users are sharing a claim that a breakthrough supposedly kept from the public can instantly eliminate every problem related to public health. Online claim reference 477 was included in the dataset.,FAKE
A study involving several research institutions examined traffic management systems and identified areas for further research. Reference number 357 was included in the dataset.,REAL
The the Reserve Bank released updated information about economic growth based on published research. Reference number 485 was included in the dataset.,REAL
Social media users are sharing a claim that a secret method can instantly eliminate every problem related to economic growth. Online claim reference 95 was included in the dataset.,FAKE
Viral messages claim that a hidden technology can guarantee success in renewable energy adoption without any known side effects. Online claim reference 494 was included in the dataset.,FAKE
Authorities announced plans to evaluate agriculture before introducing the proposed changes nationwide. Reference number 346 was included in the dataset.,REAL
A viral report claims that the United States has discovered a breakthrough supposedly kept from the public that will completely solve agriculture overnight. Online claim reference 261 was included in the dataset.,FAKE
A public report described recent developments in climate change and included data from multiple sources. Reference number 562 was included in the dataset.,REAL
A study involving several research institutions examined online learning outcomes and identified areas for further research. Reference number 23 was included in the dataset.,REAL
A post making the rounds online claims that scientists are hiding a breakthrough involving climate change. Online claim reference 513 was included in the dataset.,FAKE
A post making the rounds online claims that scientists are hiding a breakthrough involving digital technology. Online claim reference 76 was included in the dataset.,FAKE
Social media users are sharing a claim that a hidden technology can instantly eliminate every problem related to agriculture. Online claim reference 235 was included in the dataset.,FAKE
Researchers published findings about water conservation methods in a peer-reviewed journal after reviewing recent data. Reference number 307 was included in the dataset.,REAL
"Researchers reported that a new approach may improve cybersecurity risks, although further testing is required. Reference number 402 was included in the dataset.",REAL
An unverified report from an unknown organization claims that researchers have discovered a breakthrough supposedly kept from the public for water conservation methods. Online claim reference 145 was included in the dataset.,FAKE
Authorities announced plans to evaluate public health before introducing the proposed changes nationwide. Reference number 500 was included in the dataset.,REAL
Viral messages claim that a previously unknown treatment can guarantee success in renewable energy adoption without the need for expert approval. Online claim reference 424 was included in the dataset.,FAKE
An unverified report from a viral social media post claims that researchers have discovered a secret method for solar panel efficiency. Online claim reference 195 was included in the dataset.,FAKE
A public report described recent developments in cybersecurity and included data from multiple sources. Reference number 54 was included in the dataset.,REAL
A sensational article claims that a secret experiment has already solved cybersecurity risks without any supporting evidence being published. Online claim reference 445 was included in the dataset.,FAKE
An unverified claim circulating online says that authorities have confirmed a mysterious invention for renewable energy. Online claim reference 118 was included in the dataset.,FAKE
Officials in Singapore evaluated new measures to improve public health based on findings from the study. Reference number 231 was included in the dataset.,REAL
A viral report claims that the United Kingdom has discovered a breakthrough supposedly kept from the public that will completely solve economic growth overnight. Online claim reference 278 was included in the dataset.,FAKE
Social media users are sharing a claim that a miracle technique can instantly eliminate every problem related to public health. Online claim reference 151 was included in the dataset.,FAKE
An unverified report from an unverified website claims that researchers have discovered an instant solution for air quality in urban areas. Online claim reference 290 was included in the dataset.,FAKE
the United Nations evaluated a new initiative related to cybersecurity as part of a broader review. Reference number 216 was included in the dataset.,REAL
An unverified claim circulating online says that authorities have confirmed a revolutionary discovery for public health. Online claim reference 134 was included in the dataset.,FAKE
Online posts claim that scientists have hidden evidence showing that digital technology can be solved immediately using a previously unknown treatment. Online claim reference 300 was included in the dataset.,FAKE
"Researchers reported that a new approach may improve renewable energy adoption, although further testing is required. Reference number 157 was included in the dataset.",REAL
Researchers found a possible connection between digital technology and changes observed during the study period. Reference number 342 was included in the dataset.,REAL
BREAKING: a viral social media post claims that officials secretly tested a previously unknown treatment that can permanently eliminate cybersecurity. Online claim reference 230 was included in the dataset.,FAKE
A sensational article claims that a secret experiment has already solved air quality in urban areas with no further testing required. Online claim reference 505 was included in the dataset.,FAKE
Researchers found a possible connection between public health and changes observed during the study period. Reference number 386 was included in the dataset.,REAL
A sensational article claims that a secret experiment has already solved online learning outcomes despite no independent confirmation. Online claim reference 122 was included in the dataset.,FAKE
A study involving several research institutions examined air quality in urban areas and identified areas for further research. Reference number 299 was included in the dataset.,REAL
A viral report claims that India has discovered a miracle technique that will completely solve cybersecurity overnight. Online claim reference 574 was included in the dataset.,FAKE
Authorities announced plans to evaluate public health before introducing the proposed changes nationwide. Reference number 221 was included in the dataset.,REAL
Social media users are sharing a claim that a hidden technology can instantly eliminate every problem related to economic growth. Online claim reference 249 was included in the dataset.,FAKE
A viral report claims that Australia has discovered a secret method that will completely solve education overnight. Online claim reference 47 was included in the dataset.,FAKE
Researchers found a possible connection between climate change and changes observed during the study period. Reference number 490 was included in the dataset.,REAL
A study involving several research institutions examined cybersecurity risks and identified areas for further research. Reference number 588 was included in the dataset.,REAL
Social media users are sharing a claim that a previously unknown treatment can instantly eliminate every problem related to education. Online claim reference 124 was included in the dataset.,FAKE
BREAKING: an internet user claims that officials secretly tested a revolutionary discovery that can permanently eliminate cybersecurity. Online claim reference 586 was included in the dataset.,FAKE
A public report described recent developments in digital technology and included data from multiple sources. Reference number 281 was included in the dataset.,REAL
An unverified claim circulating online says that authorities have confirmed a hidden technology for transportation. Online claim reference 402 was included in the dataset.,FAKE
BREAKING: a message circulating online claims that officials secretly tested an instant solution that can permanently eliminate agriculture. Online claim reference 552 was included in the dataset.,FAKE
Authorities announced plans to evaluate economic growth before introducing the proposed changes nationwide. Reference number 515 was included in the dataset.,REAL
"Researchers reported that a new approach may improve traffic management systems, although further testing is required. Reference number 317 was included in the dataset.",REAL
A post making the rounds online claims that scientists are hiding a breakthrough involving cybersecurity. Online claim reference 335 was included in the dataset.,FAKE
BREAKING: an internet user claims that officials secretly tested a previously unknown treatment that can permanently eliminate economic growth. Online claim reference 14 was included in the dataset.,FAKE
A study involving several research institutions examined renewable energy adoption and identified areas for further research. Reference number 36 was included in the dataset.,REAL
A widely shared post claims that a revolutionary discovery can make traffic management systems completely unnecessary within a few days. Online claim reference 120 was included in the dataset.,FAKE
Online posts claim that scientists have hidden evidence showing that public health can be solved immediately using a secret method. Online claim reference 248 was included in the dataset.,FAKE
A widely shared post claims that a secret method can make cybersecurity risks completely unnecessary within a few days. Online claim reference 221 was included in the dataset.,FAKE
A widely shared post claims that an instant solution can make crop resilience during drought completely unnecessary within a few days. Online claim reference 270 was included in the dataset.,FAKE
Social media users are sharing a claim that an instant solution can instantly eliminate every problem related to public health. Online claim reference 590 was included in the dataset.,FAKE
BREAKING: an unknown organization claims that officials secretly tested a previously unknown treatment that can permanently eliminate water management. Online claim reference 165 was included in the dataset.,FAKE
A public report described recent developments in cybersecurity and included data from multiple sources. Reference number 150 was included in the dataset.,REAL
NASA examined a new initiative related to digital technology according to recently published information. Reference number 291 was included in the dataset.,REAL
Online posts claim that scientists have hidden evidence showing that digital technology can be solved immediately using a hidden technology. Online claim reference 384 was included in the dataset.,FAKE
Officials in Canada announced new measures to improve climate change after consultations with researchers. Reference number 151 was included in the dataset.,REAL
the Transport Department evaluated a new initiative related to cybersecurity based on findings from the study. Reference number 467 was included in the dataset.,REAL
A viral report claims that the United Kingdom has discovered a secret method that will completely solve water management overnight. Online claim reference 97 was included in the dataset.,FAKE
Officials in Singapore introduced new measures to improve economic growth following an analysis of available evidence. Reference number 512 was included in the dataset.,REAL
The the Transport Department released updated information about water management based on a quarterly report. Reference number 225 was included in the dataset.,REAL
An unverified report from an anonymous source claims that researchers have discovered a breakthrough supposedly kept from the public for water conservation methods. Online claim reference 258 was included in the dataset.,FAKE
A new report examined changes in public health and compared results from the previous year based on findings from the study. Reference number 304 was included in the dataset.,REAL
A widely shared post claims that a hidden technology can make early disease detection completely unnecessary within a few days. Online claim reference 236 was included in the dataset.,FAKE
the World Bank reported a new initiative related to climate change according to recently published information. Reference number 149 was included in the dataset.,REAL
A new report examined changes in water management and compared results from the previous year following an analysis of available evidence. Reference number 324 was included in the dataset.,REAL
Officials in India reviewed new measures to improve renewable energy as part of a broader review. Reference number 472 was included in the dataset.,REAL
Online posts claim that scientists have hidden evidence showing that public health can be solved immediately using a previously unknown treatment. Online claim reference 273 was included in the dataset.,FAKE
"Researchers reported that a new approach may improve cybersecurity risks, although further testing is required. Reference number 552 was included in the dataset.",REAL
Authorities announced plans to evaluate digital technology before introducing the proposed changes nationwide. Reference number 10 was included in the dataset.,REAL
A public report described recent developments in cybersecurity and included data from multiple sources. Reference number 405 was included in the dataset.,REAL
Authorities announced plans to evaluate cybersecurity before introducing the proposed changes nationwide. Reference number 110 was included in the dataset.,REAL
A public report described recent developments in renewable energy and included data from multiple sources. Reference number 228 was included in the dataset.,REAL
Viral messages claim that a revolutionary discovery can guarantee success in renewable energy adoption without any supporting evidence being published. Online claim reference 341 was included in the dataset.,FAKE
A widely shared post claims that a mysterious invention can make traffic management systems completely unnecessary within a few days. Online claim reference 17 was included in the dataset.,FAKE
A post making the rounds online claims that scientists are hiding a breakthrough involving education. Online claim reference 80 was included in the dataset.,FAKE
A new report examined changes in renewable energy and compared results from the previous year according to recently published information. Reference number 533 was included in the dataset.,REAL
Officials in the United Kingdom published new measures to improve water management according to recently published information. Reference number 130 was included in the dataset.,REAL
A post making the rounds online claims that scientists are hiding a breakthrough involving climate change. Online claim reference 548 was included in the dataset.,FAKE
Viral messages claim that a revolutionary discovery can guarantee success in cybersecurity risks without any known side effects. Online claim reference 96 was included in the dataset.,FAKE
An unverified claim circulating online says that authorities have confirmed a secret method for agriculture. Online claim reference 478 was included in the dataset.,FAKE
The NASA released updated information about digital technology based on a government report. Reference number 374 was included in the dataset.,REAL
Viral messages claim that an instant solution can guarantee success in crop resilience during drought almost immediately. Online claim reference 587 was included in the dataset.,FAKE
The the Health Department released updated information about public health based on an independent analysis. Reference number 328 was included in the dataset.,REAL
A sensational article claims that a secret experiment has already solved online learning outcomes despite no independent confirmation. Online claim reference 597 was included in the dataset.,FAKE
A sensational article claims that a secret experiment has already solved online learning outcomes without any supporting evidence being published. Online claim reference 595 was included in the dataset.,FAKE
Social media users are sharing a claim that an instant solution can instantly eliminate every problem related to economic growth. Online claim reference 268 was included in the dataset.,FAKE
Researchers published findings about cybersecurity risks in a peer-reviewed journal following an analysis of available evidence. Reference number 195 was included in the dataset.,REAL
A public report described recent developments in education and included data from multiple sources. Reference number 549 was included in the dataset.,REAL
Online posts claim that scientists have hidden evidence showing that renewable energy can be solved immediately using a revolutionary discovery. Online claim reference 5 was included in the dataset.,FAKE
the Health Department introduced a new initiative related to renewable energy after reviewing recent data. Reference number 64 was included in the dataset.,REAL
the Ministry of Education evaluated a new initiative related to education following a detailed assessment. Reference number 319 was included in the dataset.,REAL
A public report described recent developments in public health and included data from multiple sources. Reference number 2 was included in the dataset.,REAL
A sensational article claims that a secret experiment has already solved air quality in urban areas despite no independent confirmation. Online claim reference 464 was included in the dataset.,FAKE
Online posts claim that scientists have hidden evidence showing that cybersecurity can be solved immediately using a mysterious invention. Online claim reference 537 was included in the dataset.,FAKE
"Researchers reported that a new approach may improve traffic management systems, although further testing is required. Reference number 390 was included in the dataset.",REAL
Researchers published findings about water conservation methods in a peer-reviewed journal after consultations with researchers. Reference number 321 was included in the dataset.,REAL
An unverified report from an unverified website claims that researchers have discovered a hidden technology for solar panel efficiency. Online claim reference 274 was included in the dataset.,FAKE
Authorities announced plans to evaluate transportation before introducing the proposed changes nationwide. Reference number 131 was included in the dataset.,REAL
"Researchers reported that a new approach may improve battery storage efficiency, although further testing is required. Reference number 377 was included in the dataset.",REAL
A public report described recent developments in digital technology and included data from multiple sources. Reference number 587 was included in the dataset.,REAL
Social media users are sharing a claim that a secret method can instantly eliminate every problem related to economic growth. Online claim reference 363 was included in the dataset.,FAKE
Online posts claim that scientists have hidden evidence showing that digital technology can be solved immediately using a breakthrough supposedly kept from the public. Online claim reference 163 was included in the dataset.,FAKE
Researchers found a possible connection between digital technology and changes observed during the study period. Reference number 193 was included in the dataset.,REAL
BREAKING: a viral social media post claims that officials secretly tested a hidden technology that can permanently eliminate water management. Online claim reference 7 was included in the dataset.,FAKE
An unverified report from a viral social media post claims that researchers have discovered a hidden technology for early disease detection. Online claim reference 159 was included in the dataset.,FAKE
the World Bank published a new initiative related to climate change after consultations with researchers. Reference number 349 was included in the dataset.,REAL
Researchers published findings about cybersecurity risks in a peer-reviewed journal according to recently published information. Reference number 92 was included in the dataset.,REAL
Researchers published findings about solar panel efficiency in a peer-reviewed journal after collecting data from several regions. Reference number 115 was included in the dataset.,REAL
"Researchers reported that a new approach may improve cybersecurity risks, although further testing is required. Reference number 90 was included in the dataset.",REAL
Researchers found a possible connection between cybersecurity and changes observed during the study period. Reference number 298 was included in the dataset.,REAL
BREAKING: a message circulating online claims that officials secretly tested an instant solution that can permanently eliminate digital technology. Online claim reference 588 was included in the dataset.,FAKE
"Researchers reported that a new approach may improve solar panel efficiency, although further testing is required. Reference number 266 was included in the dataset.",REAL
Officials in the United States reported new measures to improve cybersecurity as part of a broader review. Reference number 229 was included in the dataset.,REAL
the Health Department released a new initiative related to water management after collecting data from several regions. Reference number 239 was included in the dataset.,REAL
A viral report claims that Japan has discovered a miracle technique that will completely solve public health overnight. Online claim reference 228 was included in the dataset.,FAKE
Researchers published findings about battery storage efficiency in a peer-reviewed journal after consultations with researchers. Reference number 448 was included in the dataset.,REAL
BREAKING: an unknown organization claims that officials secretly tested a previously unknown treatment that can permanently eliminate education. Online claim reference 446 was included in the dataset.,FAKE
Researchers found a possible connection between public health and changes observed during the study period. Reference number 576 was included in the dataset.,REAL
Online posts claim that scientists have hidden evidence showing that transportation can be solved immediately using a revolutionary discovery. Online claim reference 204 was included in the dataset.,FAKE
A sensational article claims that a secret experiment has already solved solar panel efficiency despite no independent confirmation. Online claim reference 58 was included in the dataset.,FAKE
BREAKING: a message circulating online claims that officials secretly tested a mysterious invention that can permanently eliminate education. Online claim reference 70 was included in the dataset.,FAKE
A study involving several research institutions examined cybersecurity risks and identified areas for further research. Reference number 391 was included in the dataset.,REAL
A sensational article claims that a secret experiment has already solved cybersecurity risks within just a few days. Online claim reference 488 was included in the dataset.,FAKE
A sensational article claims that a secret experiment has already solved solar panel efficiency almost immediately. Online claim reference 154 was included in the dataset.,FAKE
An unverified claim circulating online says that authorities have confirmed a secret method for education. Online claim reference 161 was included in the dataset.,FAKE
A sensational article claims that a secret experiment has already solved cybersecurity risks despite no independent confirmation. Online claim reference 135 was included in the dataset.,FAKE
BREAKING: an unverified website claims that officials secretly tested a previously unknown treatment that can permanently eliminate education. Online claim reference 577 was included in the dataset.,FAKE
Social media users are sharing a claim that a mysterious invention can instantly eliminate every problem related to agriculture. Online claim reference 565 was included in the dataset.,FAKE
the United Nations reported a new initiative related to transportation after consultations with researchers. Reference number 352 was included in the dataset.,REAL
An unverified claim circulating online says that authorities have confirmed a miracle technique for climate change. Online claim reference 457 was included in the dataset.,FAKE
"Researchers reported that a new approach may improve online learning outcomes, although further testing is required. Reference number 67 was included in the dataset.",REAL
A widely shared post claims that a hidden technology can make renewable energy adoption completely unnecessary within a few days. Online claim reference 16 was included in the dataset.,FAKE
Viral messages claim that an instant solution can guarantee success in online learning outcomes without the need for expert approval. Online claim reference 347 was included in the dataset.,FAKE
A widely shared post claims that a breakthrough supposedly kept from the public can make online learning outcomes completely unnecessary within a few days. Online claim reference 412 was included in the dataset.,FAKE
Officials in Germany released new measures to improve economic growth after collecting data from several regions. Reference number 590 was included in the dataset.,REAL
Online posts claim that scientists have hidden evidence showing that education can be solved immediately using a previously unknown treatment. Online claim reference 355 was included in the dataset.,FAKE
"Researchers reported that a new approach may improve cybersecurity risks, although further testing is required. Reference number 230 was included in the dataset.",REAL
Social media users are sharing a claim that a breakthrough supposedly kept from the public can instantly eliminate every problem related to agriculture. Online claim reference 293 was included in the dataset.,FAKE
Online posts claim that scientists have hidden evidence showing that digital technology can be solved immediately using a hidden technology. Online claim reference 514 was included in the dataset.,FAKE
Viral messages claim that a hidden technology can guarantee success in water conservation methods almost immediately. Online claim reference 109 was included in the dataset.,FAKE
An unverified claim circulating online says that authorities have confirmed a secret method for climate change. Online claim reference 568 was included in the dataset.,FAKE
A new report examined changes in water management and compared results from the previous year following a detailed assessment. Reference number 93 was included in the dataset.,REAL
the Ministry of Education introduced a new initiative related to climate change as part of a broader review. Reference number 504 was included in the dataset.,REAL
Social media users are sharing a claim that a secret method can instantly eliminate every problem related to cybersecurity. Online claim reference 143 was included in the dataset.,FAKE
Social media users are sharing a claim that an instant solution can instantly eliminate every problem related to agriculture. Online claim reference 49 was included in the dataset.,FAKE
Authorities announced plans to evaluate cybersecurity before introducing the proposed changes nationwide. Reference number 548 was included in the dataset.,REAL
Online posts claim that scientists have hidden evidence showing that transportation can be solved immediately using a revolutionary discovery. Online claim reference 345 was included in the dataset.,FAKE
A new report examined changes in education and compared results from the previous year following a detailed assessment. Reference number 140 was included in the dataset.,REAL
A sensational article claims that a secret experiment has already solved solar panel efficiency without the need for expert approval. Online claim reference 407 was included in the dataset.,FAKE
"Researchers reported that a new approach may improve battery storage efficiency, although further testing is required. Reference number 127 was included in the dataset.",REAL
A post making the rounds online claims that scientists are hiding a breakthrough involving digital technology. Online claim reference 87 was included in the dataset.,FAKE
Viral messages claim that a mysterious invention can guarantee success in air quality in urban areas within just a few days. Online claim reference 320 was included in the dataset.,FAKE
An unverified report from an anonymous source claims that researchers have discovered a miracle technique for air quality in urban areas. Online claim reference 375 was included in the dataset.,FAKE
the Ministry of Education released a new initiative related to cybersecurity after reviewing recent data. Reference number 488 was included in the dataset.,REAL
A viral report claims that Australia has discovered a mysterious invention that will completely solve cybersecurity overnight. Online claim reference 82 was included in the dataset.,FAKE
"Researchers reported that a new approach may improve water conservation methods, although further testing is required. Reference number 264 was included in the dataset.",REAL
A post making the rounds online claims that scientists are hiding a breakthrough involving education. Online claim reference 137 was included in the dataset.,FAKE
Online posts claim that scientists have hidden evidence showing that digital technology can be solved immediately using a mysterious invention. Online claim reference 526 was included in the dataset.,FAKE
NASA examined a new initiative related to climate change following an analysis of available evidence. Reference number 288 was included in the dataset.,REAL
A post making the rounds online claims that scientists are hiding a breakthrough involving water management. Online claim reference 185 was included in the dataset.,FAKE
A post making the rounds online claims that scientists are hiding a breakthrough involving renewable energy. Online claim reference 519 was included in the dataset.,FAKE
An unverified report from a widely shared online claim claims that researchers have discovered a miracle technique for crop resilience during drought. Online claim reference 325 was included in the dataset.,FAKE
Researchers published findings about traffic management systems in a peer-reviewed journal following an analysis of available evidence. Reference number 335 was included in the dataset.,REAL
Social media users are sharing a claim that an instant solution can instantly eliminate every problem related to renewable energy. Online claim reference 417 was included in the dataset.,FAKE
A viral report claims that Germany has discovered a breakthrough supposedly kept from the public that will completely solve transportation overnight. Online claim reference 352 was included in the dataset.,FAKE
An unverified claim circulating online says that authorities have confirmed an instant solution for education. Online claim reference 567 was included in the dataset.,FAKE
Officials in Singapore reported new measures to improve renewable energy after reviewing recent data. Reference number 30 was included in the dataset.,REAL
A viral report claims that the United States has discovered a hidden technology that will completely solve agriculture overnight. Online claim reference 133 was included in the dataset.,FAKE
BREAKING: an unnamed researcher claims that officials secretly tested a miracle technique that can permanently eliminate digital technology. Online claim reference 418 was included in the dataset.,FAKE
A new report examined changes in transportation and compared results from the previous year after reviewing recent data. Reference number 446 was included in the dataset.,REAL
Researchers found a possible connection between climate change and changes observed during the study period. Reference number 109 was included in the dataset.,REAL
Researchers found a possible connection between economic growth and changes observed during the study period. Reference number 184 was included in the dataset.,REAL
A widely shared post claims that an instant solution can make water conservation methods completely unnecessary within a few days. Online claim reference 535 was included in the dataset.,FAKE
The the Election Commission released updated information about cybersecurity based on a university study. Reference number 434 was included in the dataset.,REAL
The the Election Commission released updated information about climate change based on a quarterly report. Reference number 499 was included in the dataset.,REAL
"Researchers reported that a new approach may improve crop resilience during drought, although further testing is required. Reference number 494 was included in the dataset.",REAL
A post making the rounds online claims that scientists are hiding a breakthrough involving digital technology. Online claim reference 388 was included in the dataset.,FAKE
A new report examined changes in climate change and compared results from the previous year after consultations with researchers. Reference number 237 was included in the dataset.,REAL
An unverified report from a message circulating online claims that researchers have discovered an instant solution for traffic management systems. Online claim reference 314 was included in the dataset.,FAKE
A sensational article claims that a secret experiment has already solved online learning outcomes almost immediately. Online claim reference 545 was included in the dataset.,FAKE
Social media users are sharing a claim that a previously unknown treatment can instantly eliminate every problem related to water management. Online claim reference 357 was included in the dataset.,FAKE
An unverified report from a widely shared online claim claims that researchers have discovered a mysterious invention for air quality in urban areas. Online claim reference 18 was included in the dataset.,FAKE
A new report examined changes in education and compared results from the previous year according to recently published information. Reference number 179 was included in the dataset.,REAL
An unverified claim circulating online says that authorities have confirmed a breakthrough supposedly kept from the public for economic growth. Online claim reference 420 was included in the dataset.,FAKE
The the Reserve Bank released updated information about digital technology based on a quarterly report. Reference number 262 was included in the dataset.,REAL
A public report described recent developments in digital technology and included data from multiple sources. Reference number 66 was included in the dataset.,REAL
Viral messages claim that a breakthrough supposedly kept from the public can guarantee success in online learning outcomes within just a few days. Online claim reference 434 was included in the dataset.,FAKE
Authorities announced plans to evaluate renewable energy before introducing the proposed changes nationwide. Reference number 294 was included in the dataset.,REAL
the United Nations published a new initiative related to economic growth after consultations with researchers. Reference number 400 was included in the dataset.,REAL
An unverified claim circulating online says that authorities have confirmed a mysterious invention for transportation. Online claim reference 2 was included in the dataset.,FAKE
Social media users are sharing a claim that an instant solution can instantly eliminate every problem related to climate change. Online claim reference 598 was included in the dataset.,FAKE
An unverified report from an unknown organization claims that researchers have discovered a revolutionary discovery for air quality in urban areas. Online claim reference 473 was included in the dataset.,FAKE
An unverified claim circulating online says that authorities have confirmed an instant solution for education. Online claim reference 376 was included in the dataset.,FAKE
An unverified report from an unnamed researcher claims that researchers have discovered a hidden technology for cybersecurity risks. Online claim reference 277 was included in the dataset.,FAKE
A widely shared post claims that a mysterious invention can make early disease detection completely unnecessary within a few days. Online claim reference 592 was included in the dataset.,FAKE
Officials in the United Kingdom announced new measures to improve education following a detailed assessment. Reference number 167 was included in the dataset.,REAL
A sensational article claims that a secret experiment has already solved water conservation methods despite no independent confirmation. Online claim reference 220 was included in the dataset.,FAKE
Online posts claim that scientists have hidden evidence showing that renewable energy can be solved immediately using a hidden technology. Online claim reference 393 was included in the dataset.,FAKE
Researchers found a possible connection between digital technology and changes observed during the study period. Reference number 479 was included in the dataset.,REAL
Online posts claim that scientists have hidden evidence showing that education can be solved immediately using a revolutionary discovery. Online claim reference 310 was included in the dataset.,FAKE
Online posts claim that scientists have hidden evidence showing that water management can be solved immediately using a secret method. Online claim reference 67 was included in the dataset.,FAKE
A new report examined changes in cybersecurity and compared results from the previous year after consultations with researchers. Reference number 94 was included in the dataset.,REAL
A sensational article claims that a secret experiment has already solved cybersecurity risks despite no independent confirmation. Online claim reference 138 was included in the dataset.,FAKE
the Energy Ministry reported a new initiative related to climate change according to recently published information. Reference number 35 was included in the dataset.,REAL
Online posts claim that scientists have hidden evidence showing that transportation can be solved immediately using a hidden technology. Online claim reference 60 was included in the dataset.,FAKE
A widely shared post claims that a hidden technology can make battery storage efficiency completely unnecessary within a few days. Online claim reference 472 was included in the dataset.,FAKE
A study involving several research institutions examined solar panel efficiency and identified areas for further research. Reference number 385 was included in the dataset.,REAL
Online posts claim that scientists have hidden evidence showing that economic growth can be solved immediately using a previously unknown treatment. Online claim reference 247 was included in the dataset.,FAKE
Viral messages claim that a mysterious invention can guarantee success in cybersecurity risks despite no independent confirmation. Online claim reference 455 was included in the dataset.,FAKE
BREAKING: an unknown organization claims that officials secretly tested a mysterious invention that can permanently eliminate climate change. Online claim reference 374 was included in the dataset.,FAKE
An unverified report from an unnamed researcher claims that researchers have discovered a hidden technology for water conservation methods. Online claim reference 326 was included in the dataset.,FAKE
Viral messages claim that a secret method can guarantee success in online learning outcomes despite no independent confirmation. Online claim reference 589 was included in the dataset.,FAKE
the Energy Ministry reported a new initiative related to cybersecurity after collecting data from several regions. Reference number 510 was included in the dataset.,REAL
Officials in Japan reported new measures to improve cybersecurity according to recently published information. Reference number 573 was included in the dataset.,REAL
Officials in the United Kingdom evaluated new measures to improve cybersecurity after consultations with researchers. Reference number 252 was included in the dataset.,REAL
the Health Department announced a new initiative related to climate change following a detailed assessment. Reference number 53 was included in the dataset.,REAL
the Transport Department announced a new initiative related to digital technology based on findings from the study. Reference number 285 was included in the dataset.,REAL
BREAKING: a message circulating online claims that officials secretly tested a secret method that can permanently eliminate public health. Online claim reference 223 was included in the dataset.,FAKE
Online posts claim that scientists have hidden evidence showing that cybersecurity can be solved immediately using an instant solution. Online claim reference 336 was included in the dataset.,FAKE
A public report described recent developments in public health and included data from multiple sources. Reference number 7 was included in the dataset.,REAL
A new report examined changes in education and compared results from the previous year following a detailed assessment. Reference number 206 was included in the dataset.,REAL
BREAKING: an unverified website claims that officials secretly tested a revolutionary discovery that can permanently eliminate cybersecurity. Online claim reference 77 was included in the dataset.,FAKE
An unverified claim circulating online says that authorities have confirmed a secret method for economic growth. Online claim reference 130 was included in the dataset.,FAKE
Researchers found a possible connection between renewable energy and changes observed during the study period. Reference number 118 was included in the dataset.,REAL
An unverified claim circulating online says that authorities have confirmed a breakthrough supposedly kept from the public for agriculture. Online claim reference 176 was included in the dataset.,FAKE
An unverified report from a widely shared online claim claims that researchers have discovered a secret method for renewable energy adoption. Online claim reference 217 was included in the dataset.,FAKE
A viral report claims that the United States has discovered a miracle technique that will completely solve public health overnight. Online claim reference 140 was included in the dataset.,FAKE
Authorities announced plans to evaluate agriculture before introducing the proposed changes nationwide. Reference number 491 was included in the dataset.,REAL
BREAKING: an internet user claims that officials secretly tested a breakthrough supposedly kept from the public that can permanently eliminate agriculture. Online claim reference 46 was included in the dataset.,FAKE
Online posts claim that scientists have hidden evidence showing that cybersecurity can be solved immediately using an instant solution. Online claim reference 103 was included in the dataset.,FAKE
A post making the rounds online claims that scientists are hiding a breakthrough involving digital technology. Online claim reference 160 was included in the dataset.,FAKE
A widely shared post claims that a miracle technique can make renewable energy adoption completely unnecessary within a few days. Online claim reference 90 was included in the dataset.,FAKE
Online posts claim that scientists have hidden evidence showing that economic growth can be solved immediately using a hidden technology. Online claim reference 280 was included in the dataset.,FAKE
A sensational article claims that a secret experiment has already solved early disease detection with no further testing required. Online claim reference 91 was included in the dataset.,FAKE
Viral messages claim that a previously unknown treatment can guarantee success in traffic management systems despite no independent confirmation. Online claim reference 370 was included in the dataset.,FAKE
A sensational article claims that a secret experiment has already solved battery storage efficiency with no further testing required. Online claim reference 396 was included in the dataset.,FAKE
Online posts claim that scientists have hidden evidence showing that renewable energy can be solved immediately using a revolutionary discovery. Online claim reference 498 was included in the dataset.,FAKE
A sensational article claims that a secret experiment has already solved crop resilience during drought within just a few days. Online claim reference 466 was included in the dataset.,FAKE
BREAKING: an unknown organization claims that officials secretly tested a breakthrough supposedly kept from the public that can permanently eliminate digital technology. Online claim reference 170 was included in the dataset.,FAKE
Online posts claim that scientists have hidden evidence showing that agriculture can be solved immediately using a miracle technique. Online claim reference 497 was included in the dataset.,FAKE
Social media users are sharing a claim that a secret method can instantly eliminate every problem related to agriculture. Online claim reference 470 was included in the dataset.,FAKE
the Ministry of Education evaluated a new initiative related to water management following a detailed assessment. Reference number 433 was included in the dataset.,REAL
A widely shared post claims that a mysterious invention can make traffic management systems completely unnecessary within a few days. Online claim reference 542 was included in the dataset.,FAKE
A new report examined changes in cybersecurity and compared results from the previous year after consultations with researchers. Reference number 86 was included in the dataset.,REAL
A study involving several research institutions examined traffic management systems and identified areas for further research. Reference number 15 was included in the dataset.,REAL
A new report examined changes in education and compared results from the previous year following a detailed assessment. Reference number 545 was included in the dataset.,REAL
Researchers found a possible connection between economic growth and changes observed during the study period. Reference number 126 was included in the dataset.,REAL
The NASA released updated information about public health based on a quarterly report. Reference number 20 was included in the dataset.,REAL
the United Nations reported a new initiative related to water management based on findings from the study. Reference number 207 was included in the dataset.,REAL
A post making the rounds online claims that scientists are hiding a breakthrough involving water management. Online claim reference 394 was included in the dataset.,FAKE
Viral messages claim that a miracle technique can guarantee success in crop resilience during drought with guaranteed results for everyone. Online claim reference 583 was included in the dataset.,FAKE
"Researchers reported that a new approach may improve solar panel efficiency, although further testing is required. Reference number 481 was included in the dataset.",REAL
"Researchers reported that a new approach may improve early disease detection, although further testing is required. Reference number 61 was included in the dataset.",REAL
A post making the rounds online claims that scientists are hiding a breakthrough involving climate change. Online claim reference 101 was included in the dataset.,FAKE
Researchers published findings about solar panel efficiency in a peer-reviewed journal as part of a broader review. Reference number 132 was included in the dataset.,REAL
The the Ministry of Education released updated information about economic growth based on official data. Reference number 567 was included in the dataset.,REAL
Researchers found a possible connection between water management and changes observed during the study period. Reference number 256 was included in the dataset.,REAL
A post making the rounds online claims that scientists are hiding a breakthrough involving water management. Online claim reference 174 was included in the dataset.,FAKE
A public report described recent developments in agriculture and included data from multiple sources. Reference number 176 was included in the dataset.,REAL
A sensational article claims that a secret experiment has already solved water conservation methods with no further testing required. Online claim reference 1 was included in the dataset.,FAKE
Authorities announced plans to evaluate cybersecurity before introducing the proposed changes nationwide. Reference number 164 was included in the dataset.,REAL
A study involving several research institutions examined online learning outcomes and identified areas for further research. Reference number 341 was included in the dataset.,REAL
Viral messages claim that a previously unknown treatment can guarantee success in crop resilience during drought without any known side effects. Online claim reference 553 was included in the dataset.,FAKE
A sensational article claims that a secret experiment has already solved battery storage efficiency despite no independent confirmation. Online claim reference 303 was included in the dataset.,FAKE
BREAKING: a message circulating online claims that officials secretly tested a previously unknown treatment that can permanently eliminate digital technology. Online claim reference 238 was included in the dataset.,FAKE
A study involving several research institutions examined cybersecurity risks and identified areas for further research. Reference number 532 was included in the dataset.,REAL
A public report described recent developments in agriculture and included data from multiple sources. Reference number 393 was included in the dataset.,REAL
the Ministry of Education published a new initiative related to economic growth based on findings from the study. Reference number 375 was included in the dataset.,REAL
The the Energy Ministry released updated information about economic growth based on a government report. Reference number 121 was included in the dataset.,REAL
A new report examined changes in climate change and compared results from the previous year based on findings from the study. Reference number 412 was included in the dataset.,REAL
A study involving several research institutions examined water conservation methods and identified areas for further research. Reference number 381 was included in the dataset.,REAL
A public report described recent developments in transportation and included data from multiple sources. Reference number 436 was included in the dataset.,REAL
Online posts claim that scientists have hidden evidence showing that water management can be solved immediately using a breakthrough supposedly kept from the public. Online claim reference 323 was included in the dataset.,FAKE
The NASA released updated information about education based on published research. Reference number 226 was included in the dataset.,REAL
Social media users are sharing a claim that an instant solution can instantly eliminate every problem related to economic growth. Online claim reference 430 was included in the dataset.,FAKE
The the Health Department released updated information about renewable energy based on a government report. Reference number 373 was included in the dataset.,REAL
Social media users are sharing a claim that a revolutionary discovery can instantly eliminate every problem related to economic growth. Online claim reference 397 was included in the dataset.,FAKE
Officials in the United Kingdom evaluated new measures to improve public health after reviewing recent data. Reference number 406 was included in the dataset.,REAL
Researchers found a possible connection between agriculture and changes observed during the study period. Reference number 276 was included in the dataset.,REAL
A study involving several research institutions examined cybersecurity risks and identified areas for further research. Reference number 382 was included in the dataset.,REAL
A post making the rounds online claims that scientists are hiding a breakthrough involving digital technology. Online claim reference 168 was included in the dataset.,FAKE
Researchers found a possible connection between economic growth and changes observed during the study period. Reference number 362 was included in the dataset.,REAL
The the Energy Ministry released updated information about economic growth based on an independent analysis. Reference number 350 was included in the dataset.,REAL
A viral report claims that the United States has discovered a miracle technique that will completely solve digital technology overnight. Online claim reference 283 was included in the dataset.,FAKE
The the Energy Ministry released updated information about climate change based on published research. Reference number 591 was included in the dataset.,REAL
An unverified claim circulating online says that authorities have confirmed a mysterious invention for agriculture. Online claim reference 254 was included in the dataset.,FAKE
Social media users are sharing a claim that an instant solution can instantly eliminate every problem related to renewable energy. Online claim reference 476 was included in the dataset.,FAKE
An unverified report from an anonymous source claims that researchers have discovered a miracle technique for early disease detection. Online claim reference 256 was included in the dataset.,FAKE
Authorities announced plans to evaluate renewable energy before introducing the proposed changes nationwide. Reference number 144 was included in the dataset.,REAL
Authorities announced plans to evaluate digital technology before introducing the proposed changes nationwide. Reference number 199 was included in the dataset.,REAL
Officials in Australia evaluated new measures to improve transportation following a detailed assessment. Reference number 4 was included in the dataset.,REAL
BREAKING: a viral social media post claims that officials secretly tested a secret method that can permanently eliminate transportation. Online claim reference 408 was included in the dataset.,FAKE
The the Election Commission released updated information about water management based on a government report. Reference number 345 was included in the dataset.,REAL
A new report examined changes in education and compared results from the previous year after consultations with researchers. Reference number 14 was included in the dataset.,REAL
A sensational article claims that a secret experiment has already solved renewable energy adoption despite no independent confirmation. Online claim reference 556 was included in the dataset.,FAKE
A viral report claims that Singapore has discovered a secret method that will completely solve climate change overnight. Online claim reference 216 was included in the dataset.,FAKE
A public report described recent developments in digital technology and included data from multiple sources. Reference number 430 was included in the dataset.,REAL
Authorities announced plans to evaluate climate change before introducing the proposed changes nationwide. Reference number 551 was included in the dataset.,REAL
A study involving several research institutions examined early disease detection and identified areas for further research. Reference number 293 was included in the dataset.,REAL
BREAKING: a widely shared online claim claims that officials secretly tested a previously unknown treatment that can permanently eliminate agriculture. Online claim reference 106 was included in the dataset.,FAKE
The the Election Commission released updated information about water management based on published research. Reference number 224 was included in the dataset.,REAL
Authorities announced plans to evaluate economic growth before introducing the proposed changes nationwide. Reference number 183 was included in the dataset.,REAL
BREAKING: an unknown organization claims that officials secretly tested a previously unknown treatment that can permanently eliminate water management. Online claim reference 243 was included in the dataset.,FAKE
A widely shared post claims that a breakthrough supposedly kept from the public can make solar panel efficiency completely unnecessary within a few days. Online claim reference 31 was included in the dataset.,FAKE
An unverified claim circulating online says that authorities have confirmed a hidden technology for climate change. Online claim reference 184 was included in the dataset.,FAKE
BREAKING: a widely shared online claim claims that officials secretly tested a revolutionary discovery that can permanently eliminate cybersecurity. Online claim reference 492 was included in the dataset.,FAKE
A viral report claims that Japan has discovered a breakthrough supposedly kept from the public that will completely solve transportation overnight. Online claim reference 426 was included in the dataset.,FAKE
Viral messages claim that a revolutionary discovery can guarantee success in solar panel efficiency without any supporting evidence being published. Online claim reference 19 was included in the dataset.,FAKE
The the Transport Department released updated information about education based on official data. Reference number 518 was included in the dataset.,REAL
An unverified report from an unverified website claims that researchers have discovered a previously unknown treatment for crop resilience during drought. Online claim reference 275 was included in the dataset.,FAKE
Authorities announced plans to evaluate renewable energy before introducing the proposed changes nationwide. Reference number 340 was included in the dataset.,REAL
A sensational article claims that a secret experiment has already solved battery storage efficiency without the need for expert approval. Online claim reference 267 was included in the dataset.,FAKE
"Researchers reported that a new approach may improve traffic management systems, although further testing is required. Reference number 387 was included in the dataset.",REAL
A widely shared post claims that a secret method can make online learning outcomes completely unnecessary within a few days. Online claim reference 462 was included in the dataset.,FAKE
A public report described recent developments in digital technology and included data from multiple sources. Reference number 165 was included in the dataset.,REAL
A widely shared post claims that a miracle technique can make battery storage efficiency completely unnecessary within a few days. Online claim reference 215 was included in the dataset.,FAKE
A post making the rounds online claims that scientists are hiding a breakthrough involving cybersecurity. Online claim reference 188 was included in the dataset.,FAKE
Researchers published findings about traffic management systems in a peer-reviewed journal after consultations with researchers. Reference number 190 was included in the dataset.,REAL
A public report described recent developments in digital technology and included data from multiple sources. Reference number 240 was included in the dataset.,REAL
"Researchers reported that a new approach may improve air quality in urban areas, although further testing is required. Reference number 26 was included in the dataset.",REAL
NASA released a new initiative related to agriculture after consultations with researchers. Reference number 331 was included in the dataset.,REAL
Officials in the United Kingdom introduced new measures to improve water management after consultations with researchers. Reference number 507 was included in the dataset.,REAL
A new report examined changes in cybersecurity and compared results from the previous year following a detailed assessment. Reference number 521 was included in the dataset.,REAL
Researchers published findings about cybersecurity risks in a peer-reviewed journal after reviewing recent data. Reference number 302 was included in the dataset.,REAL
A widely shared post claims that a previously unknown treatment can make traffic management systems completely unnecessary within a few days. Online claim reference 333 was included in the dataset.,FAKE
the World Bank evaluated a new initiative related to climate change after reviewing recent data. Reference number 536 was included in the dataset.,REAL
"Researchers reported that a new approach may improve early disease detection, although further testing is required. Reference number 303 was included in the dataset.",REAL
A new report examined changes in climate change and compared results from the previous year after collecting data from several regions. Reference number 58 was included in the dataset.,REAL
A sensational article claims that a secret experiment has already solved water conservation methods with guaranteed results for everyone. Online claim reference 141 was included in the dataset.,FAKE
A study involving several research institutions examined traffic management systems and identified areas for further research. Reference number 71 was included in the dataset.,REAL
A widely shared post claims that a breakthrough supposedly kept from the public can make renewable energy adoption completely unnecessary within a few days. Online claim reference 379 was included in the dataset.,FAKE
A public report described recent developments in agriculture and included data from multiple sources. Reference number 497 was included in the dataset.,REAL
"Researchers reported that a new approach may improve air quality in urban areas, although further testing is required. Reference number 506 was included in the dataset.",REAL
A sensational article claims that a secret experiment has already solved water conservation methods with no further testing required. Online claim reference 269 was included in the dataset.,FAKE
An unverified claim circulating online says that authorities have confirmed a revolutionary discovery for digital technology. Online claim reference 190 was included in the dataset.,FAKE
"Researchers reported that a new approach may improve solar panel efficiency, although further testing is required. Reference number 119 was included in the dataset.",REAL
An unverified claim circulating online says that authorities have confirmed a revolutionary discovery for education. Online claim reference 155 was included in the dataset.,FAKE
An unverified report from a viral social media post claims that researchers have discovered a hidden technology for solar panel efficiency. Online claim reference 401 was included in the dataset.,FAKE
A sensational article claims that a secret experiment has already solved water conservation methods without any known side effects. Online claim reference 444 was included in the dataset.,FAKE
BREAKING: an unnamed researcher claims that officials secretly tested a secret method that can permanently eliminate public health. Online claim reference 114 was included in the dataset.,FAKE
A public report described recent developments in water management and included data from multiple sources. Reference number 523 was included in the dataset.,REAL
Social media users are sharing a claim that a previously unknown treatment can instantly eliminate every problem related to economic growth. Online claim reference 294 was included in the dataset.,FAKE
Authorities announced plans to evaluate public health before introducing the proposed changes nationwide. Reference number 398 was included in the dataset.,REAL
Researchers published findings about traffic management systems in a peer-reviewed journal following a detailed assessment. Reference number 333 was included in the dataset.,REAL
A post making the rounds online claims that scientists are hiding a breakthrough involving education. Online claim reference 559 was included in the dataset.,FAKE
Viral messages claim that a miracle technique can guarantee success in cybersecurity risks with guaranteed results for everyone. Online claim reference 189 was included in the dataset.,FAKE
A public report described recent developments in agriculture and included data from multiple sources. Reference number 255 was included in the dataset.,REAL
Officials in the United States announced new measures to improve climate change as part of a broader review. Reference number 80 was included in the dataset.,REAL
